row_id,first_author,year,journal,doi,notes,material_system,dopant_element,dopant_concentration_at_pct,crystal_phase,film_thickness_nm,ald_substrate_temp_C,precursor_type_Hf,oxidant_type,ald_cycle_count,precursor_dose_time_s,purge_time_precursor_s,oxidant_dose_time_s,purge_time_oxidant_s,chamber_base_pressure_Torr,co_precursor_dopant_flow_pct,plasma_power_W,growth_rate_A_per_cycle,anneal_temp_PDA_C,anneal_duration,anneal_atmosphere,anneal_ramp_rate_C_per_s,thermal_budget_C_s,PMA_temp_C,electrode_cap_material,IL_SiO2_thickness_nm,film_stress_GPa,FGA_temp_C,substrate_material,substrate_orientation,IL_type,IL_thickness_nm,top_electrode_material,top_electrode_thickness_nm,substrate_doping_type,substrate_doping_cm3,total_physical_thickness_nm,EOT_nm,device_area_cm2,k_dielectric_constant,capacitance_density_fF_um2,V_fb_V,V_th_V,freq_dispersion_dk_df_pct,TCk_ppm_C,loss_tangent_tan_delta,remnant_polarization_Pr_uC_cm2,coercive_field_Ec_MV_cm,J_g_A_cm2_at_1V,E_BD_MV_cm,TDDB_lifetime_years,Weibull_beta,SILC_stable,Q_BD_C_cm2,trap_gen_rate_dNT_cm2,O_vacancy_density_cm3,phase_stability,D_it_cm2_eV,Q_f_cm2,Q_m_cm2,delta_EV_eV,delta_EC_eV,IL_oxide_thickness_nm,N_at_interface_at_pct,carrier_mobility_cm2_Vs,delta_Vth_mV,measured_property,measured_value,k_curation_status,k_curation_comment
1,Gieraltowska,2023,MDPI Materials,10.3390/ma16114077,HfO2 TDMAH/H2O 85C; amorphous phase,HfO2,,0,amorphous,100.0,85,TDMAH,H2O,,,,,,,,,1.6,,,N2,,,,,,,,Si,(100),native SiO2,0.5,Ni,,p-type,1000000000000000.0,100.0,,,19.8,185.0,-1.4,,,,,,,2e-6,1.0,,,,,,,stable,,1500000000000.0,,,,,,,,,,valid_k,
2,Gieraltowska,2023,MDPI Materials,10.3390/ma16114077,HfO2 TDMAH/H2O 100C; polycrystalline monoclinic+orthorhombic,HfO2,,0,monoclinic+orthorhombic,100.0,100,TDMAH,H2O,,,,,,,,,1.5,,,N2,,,,,,,,Si,(100),native SiO2,0.5,Ni,,p-type,1000000000000000.0,100.0,,,20.0,,,,,,,,,,,,,,,,,stable,,,,,,,,,,,,valid_k,
3,Gieraltowska,2023,MDPI Materials,10.3390/ma16114077,HfO2 TDMAH/H2O 200C; polycrystalline monoclinic dominant,HfO2,,0,monoclinic,100.0,200,TDMAH,H2O,,,,,,,,,1.3,,,N2,,,,,,,,Si,(100),native SiO2,0.5,Ni,,p-type,1000000000000000.0,100.0,,,22.5,,,,,,,,,,,,,,,,,stable,,,,,,,,,,,,valid_k,
4,Gieraltowska,2023,MDPI Materials,10.3390/ma16114077,HfO2 TDMAH/H2O 300C; well-crystallized monoclinic,HfO2,,0,monoclinic,100.0,300,TDMAH,H2O,,,,,,,,,1.2,,,N2,,,,,,,,Si,(100),native SiO2,0.5,Ni,,p-type,1000000000000000.0,100.0,,,25.0,,,,,,,,,,,,,,,,,stable,,,,,,,,,,,,valid_k,
5,Gieraltowska,2023,MDPI Materials,10.3390/ma16114077,HfO2 TDMAH/H2O 350C; highly crystalline monoclinic; highest k,HfO2,,0,monoclinic,100.0,350,TDMAH,H2O,,,,,,,,,1.2,,,N2,,,,,,,,Si,(100),native SiO2,0.5,Ni,,p-type,1000000000000000.0,100.0,,,30.5,,,,,,,,,,,,,,,,,stable,,,,,,,,,,,,valid_k,
6,Gieraltowska,2023,MDPI Materials,10.3390/ma16114077,HfO2 TDMAH/NH3-H2O 300C; N-incorporation enhances k,HfO2,,0,monoclinic,100.0,300,TDMAH,NH3_H2O,,,,,,,,,1.2,,,N2,,,,,,,,Si,(100),native SiO2,0.5,Ni,,p-type,1000000000000000.0,100.0,,,28.0,,,,,,,,,,,,,,,,,stable,,,,,,,,,,,,valid_k,
7,Gieraltowska,2023,MDPI Materials,10.3390/ma16114077,Al2O3/HfO2/Al2O3 5/90/5nm nanolaminate; improved leakage,HfO2/Al2O3_nanolaminate,,0,amorphous,100.0,85,TDMAH,H2O,,,,,,,,,,,,N2,,,,,,,,Si,(100),native SiO2,0.5,Ni,,p-type,1000000000000000.0,100.0,,,19.0,160.0,1.9,,,,,,,1e-8,4.0,,,,,,,stable,,-2000000000000.0,,,,,,,,,,valid_k,
8,Zhang,2021,Atlantis Press Proc,,HfAlO ALD annealed at 650C N2; Al:Hf~1:9,HfAlO,Al,10,tetragonal+amorphous,10.0,300,TEMAH+TMA,H2O,100,,,,,,10,,1.0,650.0,30s,N2,50.0,32500.0,,TiN,0.5,,,Si,(100),SiO2,0.5,TiN,30.0,p-type,1000000000000000.0,10.0,0.84,,23.5,,,,,,,,,6.8e-10,,,,,,,,stable,1250000000000.0,,,,,0.5,,,,,,valid_k,
9,Wang,2019,MDPI Micromachines,10.3390/mi10060361,Pure HfO2 reference; before Al doping,HfO2,,0,monoclinic,10.0,300,TEMAH,H2O,100,,,,,,0,,1.0,600.0,30s,N2,,,,TiN,0.5,,,Si,(100),SiO2,0.5,TiN,30.0,p-type,1000000000000000.0,10.0,,,16.64,,,,,,,,,,,,,,,,,stable,,,,,,,,,,,,valid_k,
10,Wang,2019,MDPI Micromachines,10.3390/mi10060361,HfAlO Al:Hf=1:9; tetragonal phase stabilized; highest k,HfAlO,Al,10,tetragonal,10.0,300,TEMAH+TMA,H2O,90+10,,,,,,10,,1.0,600.0,30s,N2,,,,TiN,0.5,,,Si,(100),SiO2,0.5,TiN,30.0,p-type,1000000000000000.0,10.0,,,21.23,,,,,,,,,,,,,,,,,stable,,,,,,,,,,,,valid_k,
11,Materano,2022,Nanomaterials,10.3390/nano12111729,HZO Zr:HfO2 ALD 120C chamber; PMA 700C N2 30s; Pr=13.2 uC/cm2,Hf0.5Zr0.5O2,Zr,50,orthorhombic,10.0,120,TEMAH+TEMAZr,O3,100,,,,,,50,,1.0,,,,,,700.0,TiN,,,,Si,(100),SiO2,0.5,TiN,10.0,p-type,1000000000000000.0,10.0,,,32.0,,,,,,,13.2,,,,,,,,,,stable,,,,,,,,,,,,valid_k,
12,Materano,2022,Nanomaterials,10.3390/nano12111729,HZO Zr:HfO2 ALD 200C chamber; PMA 700C N2 30s; 2Pr=26.37 uC/cm2,Hf0.5Zr0.5O2,Zr,50,orthorhombic,10.0,200,TEMAH+TEMAZr,O3,100,,,,,,50,,1.0,,,,,,700.0,TiN,,,,Si,(100),SiO2,0.5,TiN,10.0,p-type,1000000000000000.0,10.0,,,35.0,,,,,,,13.2,1.1,,,,,,,,,stable,,,,,,,,,,,,valid_k,
13,Materano,2022,Nanomaterials,10.3390/nano12111729,HZO ALD 250C chamber; PMA 700C N2 30s; 2Pr=31.8 uC/cm2,Hf0.5Zr0.5O2,Zr,50,orthorhombic,10.0,250,TEMAH+TEMAZr,O3,100,,,,,,50,,1.0,,,,,,700.0,TiN,,,,Si,(100),SiO2,0.5,TiN,10.0,p-type,1000000000000000.0,10.0,,,38.0,,,,,,,15.9,1.1,,,,,,,,,stable,,,,,,,,,,,,valid_k,
14,Le Rhun,2021,Applied Surface Science,10.1016/j.apsusc.2021.151592,HZO 6nm ALD TiN cap; 300C deposition; PDA 400C; 2Pr=51.2 uC/cm2,Hf0.5Zr0.5O2,Zr,50,orthorhombic,6.0,300,TEMAH+TEMAZr,O3,60,,,,,,50,,1.0,400.0,30s,N2,50.0,12000.0,400.0,TiN_ALD,,,,Si,(100),SiO2,0.3,TiN,10.0,p-type,1000000000000000.0,6.0,,,30.0,,,,,,,25.6,1.2,,,,,,,,,stable,,,,,,,,,,,,valid_k,
15,Liu,2025,Materials Today Physics,10.1016/j.mtphys.2025.101729,HZO TiN/O2-plasma/HZO/TiN; optimal 3-cycle O2 plasma; record Pr,Hf0.5Zr0.5O2,Zr,50,orthorhombic,10.0,250,TEMAH+TEMAZr,O3,100,,,,,,50,,1.0,400.0,30s,N2+O2_plasma,50.0,12000.0,400.0,TiN,,,,Si,(100),SiO2,0.3,TiN,10.0,p-type,1000000000000000.0,10.0,,,35.9,,,,,,,26.84,1.02,,,,,,,,,stable,,,,,,,,,,,,valid_k,
16,Nukala,2022,Nanoscale Advances,10.1039/D2NA00533F,HZO 20nm Pt top / Ni bottom; 650C 30s anneal,Hf0.5Zr0.5O2,Zr,50,orthorhombic,20.0,250,TEMAH+TEMAZr,O3,200,,,,,,50,,1.0,650.0,30s,N2,50.0,19500.0,,Pt,,,,Si,(100),SiO2,0.5,Pt,30.0,p-type,1000000000000000.0,20.0,,,28.0,,,,,,,19.0,1.07,,,,,,,,,stable,,,,,,,,,,,,valid_k,
17,Zhao,2023,Journal of Alloys and Compounds,10.1016/j.jallcom.2023.172394,HfO2/ZrO2/HfO2 trilayer; PMA 300C; k=39; 2Pr~43 uC/cm2,HfO2/ZrO2/HfO2,Zr,50,orthorhombic,10.0,250,TEMAH+TEMAZr,O3,100,,,,,,50,,1.0,,,,,,300.0,TiN,,,,Si,(100),SiO2,0.5,TiN,10.0,p-type,1000000000000000.0,10.0,,,39.0,,,,,,,21.5,1.1,,,,,,,,,stable,,,,,,,,,,,,valid_k,
18,Kang,2019,Microelectronic Engineering,10.1016/j.mee.2019.05.003,HZO PEALD 300C; ferroelectric o-phase without PDA,Hf0.5Zr0.5O2,Zr,50,orthorhombic+tetragonal+cubic,8.0,300,TEMAH+TEMAZr,O2_plasma,80,,,,,,50,100.0,1.1,,,,,,,TiN,,,,Si,(100),SiO2,0.3,TiN,10.0,p-type,1000000000000000.0,8.0,,,28.0,,,,,,,10.0,1.3,,,,,,,,,stable,,,,,,,,,,,,valid_k,
19,Zhu,2010,Applied Surface Science,10.1016/j.apsusc.2009.11.074,La-doped HfO2 MOCVD; k=28; EOT~1.2nm; high Jg; stable to 750C,HfLaO,La,5,amorphous,8.0,450,Hf(thd)4+La(thd)3,O2,,,,,,,10,,,750.0,30s,N2,50.0,22500.0,,TaN,,,,Si,(100),HfSiO,0.5,TaN,30.0,p-type,1000000000000000.0,8.0,1.2,,28.0,,,,,,,,,3.0,,,,,0.5,,,stable,,,,,,0.5,,,,,,valid_k,
20,Cheng,2021,ACS Applied Electronic Materials,10.1021/acsaelm.1c00672,La:HfO2 epitaxial; 2-5% La; highest Pr>20 uC/cm2; Ec reduces with La,HfLaO,La,3.5,orthorhombic,10.0,300,TEMAH+La_precursor,H2O,100,,,,,,7,,1.0,600.0,30s,N2,50.0,18000.0,,TiN,,,,Si,(100),SiO2,0.5,TiN,10.0,p-type,1000000000000000.0,10.0,,,25.0,,,,,,,10.5,0.85,,,,,,,,,stable,,,,,,,,,,,,valid_k,
21,Park,2022,Ceramics International,10.1016/j.ceramint.2021.08.231,Y:HfO2 ALD; cocktail precursor; tetragonal phase; k~40 for DRAM,HfYO,Y,5,tetragonal,8.0,280,TEMAH+Y_precursor,O3,80,,,,,,10,,1.1,700.0,30s,N2,50.0,21000.0,,TiN,,,,Si,(100),SiO2,0.5,TiN,10.0,p-type,1000000000000000.0,8.0,,,40.0,,,,,,,,,1e-7,,,,,,,,stable,,,,,,,,,,,,valid_k,
22,Kim,2023,Materials Today Advances,10.1016/j.mtadv.2023.100408,HfO2 novel precursor high-T ALD; Jg 3.1e-9 at 0.7V,HfO2,,0,tetragonal,8.0,400,Hf_novel_precursor,O3,80,2,20,5.0,20,1e-4,,,1.2,600.0,30s,N2,50.0,18000.0,,TiN,0.5,,,Si,(100),SiO2,0.5,TiN,10.0,p-type,1000000000000000.0,8.0,,,22.0,,,,,,,,,3.1e-9,8.5,,,,,,,stable,,,,,,,,,,,,valid_k,
23,Cho,2023,Micromachines,10.3390/mi14010163,HfO2 PEALD TDMAHf/O2-plasma; GPC=2.4 A/cycle; trench uniformity,HfO2,,0,monoclinic,20.0,250,TDMAHf,O2_plasma,200,0.5,30,60.0,30,1e-3,,200.0,2.4,500.0,30s,N2,50.0,15000.0,,TiN,0.5,,,Si,(100),SiO2,0.5,TiN,20.0,p-type,1000000000000000.0,20.0,1.5,,20.0,,,,,,,,,1e-7,7.0,,,,,,,stable,,,,,,,,,,,,valid_k,
24,Hausmann,2002,MRS Proceedings,10.1557/PROC-765-D3.8,HfO2 TDMAH/O3 200C; k=16,HfO2,,0,amorphous,10.0,200,TDMAH,O3,100,2,20,3.0,20,1e-4,,,1.3,420.0,30s,N2,50.0,12600.0,,TiN,0.5,,,Si,(100),SiO2,0.5,TiN,10.0,p-type,1000000000000000.0,10.0,1.5,,16.0,,,,,,,,,1e-7,7.5,,,,,,,stable,,,,,,,,,,,,valid_k,
25,Hausmann,2002,MRS Proceedings,10.1557/PROC-765-D3.8,HfO2 TDMAH/O3 320C; k=20 vs 16 at 200C,HfO2,,0,monoclinic,10.0,320,TDMAH,O3,100,2,20,3.0,20,1e-4,,,1.2,420.0,30s,N2,50.0,12600.0,,TiN,0.5,,,Si,(100),SiO2,0.5,TiN,10.0,p-type,1000000000000000.0,10.0,1.2,,20.0,,,,,,,,,5e-8,8.0,,,,,,,stable,,,,,,,,,,,,valid_k,
26,Conley,2003,Applied Physics Letters,10.1063/1.1540728,HfO2 TEMAH/H2O 300C; RTA 600C N2; k=15.9; 3-6 OOM lower leakage than SiO2,HfO2,,0,monoclinic,5.0,300,TEMAH,H2O,50,2,20,3.0,20,1e-5,,,1.0,600.0,30s,N2,50.0,18000.0,,TiN,0.5,,,Si,(100),SiO2,1.0,TiN,30.0,p-type,1000000000000000.0,5.0,1.5,,15.9,,,,,,,,,1e-7,8.0,,,,,,,stable,,,,,,,,,,,,valid_k,
27,Liao,2024,ACS Applied Electronic Materials,10.1021/acsaelm.4c02224,HfO2 on HOPG graphite via EPALS; k=19.65; EOT=1.46nm,HfO2,,0,monoclinic+amorphous,7.0,250,TDMAH,H2O,70,2,20,5.0,20,1e-5,,,1.3,500.0,30s,N2,50.0,15000.0,,Ni,0.5,,,HOPG,,none,0.0,Ni,20.0,n-type,1e+16,7.0,1.46,,19.65,,,,,,,,,1e-7,6.5,,,,,,,stable,,,,,,,,,,,,valid_k,
28,Cho,2008,Thin Solid Films,10.1016/j.tsf.2008.NA,HfSiO PDA transforms HfOx/SiO2 to HfSixOy; EOT=1.15nm,HfSiO,Si,15,amorphous,5.0,300,HfCl4+SiH4,O2,50,,,,,1e-5,15,,1.0,800.0,30s,N2,50.0,24000.0,,TaN,0.8,,,Si,(100),SiO2,0.8,TaN,30.0,p-type,1000000000000000.0,5.0,1.15,,15.0,,,,,,,,,1e-7,7.0,,,,,,,stable,100000000000.0,,,,,0.5,,,,,,valid_k,
29,Bersuker,2005,Journal of Applied Physics,10.1063/1.1948aborative,HfSiO TaN gate various thicknesses; EOT 2.05-4.27nm; Dit~1e11,HfSiO,Si,20,amorphous,10.0,300,TEMAH+TEOS,O2,100,,,,,1e-5,20,,1.0,600.0,30s,N2,50.0,18000.0,,TaN,1.0,,,Si,(100),SiO2,1.0,TaN,30.0,p-type,1000000000000000.0,10.0,2.05,,12.0,,,,,,,,,5e-8,7.5,,,,,,,stable,100000000000.0,,,,,1.0,,,,,,valid_k,
30,Kim,2019,Nanoscale Research Letters,10.1186/s11671-019-2989-8,ZrO2 ALD TDMAZ/O3 200-250C; k=32.57; Jg=3.3e-6 A/cm2 at 1MV/cm,ZrO2,,0,tetragonal,10.0,225,TDMAZ,O3,100,2,20,5.0,20,1e-4,,,1.1,800.0,30s,N2,50.0,24000.0,,TiN,0.5,,,Si,(100),SiO2,0.5,TiN,20.0,p-type,1000000000000000.0,10.0,1.2,,32.57,,,,,,,,,3.3e-6,6.5,,,,,,,stable,2480000000000.0,,,,,0.5,,,,,,valid_k,
31,Prechtl,2003,IEEE IEDM,10.1109/IEDM.2003.NA,La2O3 high quality; EOT=0.48nm; Dit=3e10; Jg=0.06 A/cm2; EBD>13 MV/cm,La2O3,,0,amorphous,4.0,350,La_precursor,O2,40,2,30,5.0,30,1e-5,,,0.8,800.0,30s,N2,50.0,24000.0,,TaN,0.5,,,Si,(100),La2SiOx,0.3,TaN,30.0,p-type,1000000000000000.0,4.0,0.48,,27.0,,,,,,,,,0.06,>13,,,,,,,stable,30000000000.0,,,,,0.3,,,,,,valid_k,
32,Liu,2022,Scientific Reports,10.1038/s41598-022-09054-7,Al2O3 TMA/O3 150C; k=7.5; EBD=8.3 MV/cm; low C impurity,Al2O3,,0,amorphous,10.0,150,TMA,O3,100,1,15,3.0,15,1e-4,,,1.1,400.0,30s,N2,50.0,12000.0,,Al,0.5,,,Si,(100),native Al2O3,0.3,Al,50.0,p-type,1000000000000000.0,10.0,4.3,,7.5,,,,,,,,,1e-8,8.3,,,,,,,stable,,,,,,,,,,,,valid_k,
33,Becker,2003,Applied Surface Science,10.1016/S0169-4332(02)01337-8,Al2O3 TMA/H2O 300C; k=7.6; standard thermal ALD reference,Al2O3,,0,amorphous,10.0,300,TMA,H2O,100,1,20,2.0,20,1e-4,,,1.0,400.0,30s,N2,50.0,12000.0,,Al,0.5,,,Si,(100),native Al2O3,0.5,Al,50.0,p-type,1000000000000000.0,10.0,4.7,,7.6,,,,,,,,,5e-9,9.0,,,,,,,stable,,,,,,,,,,,,valid_k,
34,Kukli,2009,Microelectronic Engineering,10.1016/j.mee.2009.04.004,Ta2O5 ALD MIM capacitor; k=27; EOT=3.1nm; Poole-Frenkel leakage,Ta2O5,,0,amorphous,20.0,250,TaCl5,H2O,200,3,20,5.0,20,1e-4,,,0.6,600.0,30s,N2,50.0,18000.0,,TiN,,,,TiN,,none,0.0,TiN,30.0,n-type,1e+18,20.0,3.1,,27.0,,,,,,,,,1e-6,5.5,,,,,,,stable,,,,,,,,,,,,valid_k,
35,Whipple,2006,Journal of Vacuum Science,10.1116/1.2180265,HfO2 ALD on strained Si/SiGe; 50 cycles; k~19,HfO2,,0,amorphous,5.0,300,TEMAH,H2O,50,2,20,3.0,20,1e-5,,,1.0,600.0,30s,N2,50.0,18000.0,,TiN,0.5,,,Si0.8Ge0.2/Si,(100),SiO2,0.8,TiN,30.0,p-type,1000000000000000.0,5.0,1.8,,19.0,,,,,,,,,1e-7,7.0,,,,,,,stable,,,,,,,,,,,,valid_k,
36,Kim,2025,Nano Convergence,10.1186/s40580-025-00477-2,La+Si co-doped HZO; anti-FE suppressed; linear high-k for DRAM,HfZrO2_LaSi,La+Si,3+3,tetragonal,10.0,280,TEMAH+TEMAZr+La+Si_precursors,O3,100,,,,,,3+3,,1.1,600.0,30s,N2,50.0,18000.0,,TiN,0.5,,,Si,(100),SiO2,0.5,TiN,10.0,p-type,1000000000000000.0,10.0,0.8,,38.0,,,,,,,1.0,,1e-7,8.0,,,,,,,stable,,,,,,,,,,,,valid_k,
37,Ezhilvalavan,2009,MRS Proceedings,10.1557/PROC-1158-F03-08,Nb2O5 ALD k=41; MIM bypass capacitor; EOT=2.9nm,Nb2O5,,0,amorphous,15.0,250,Nb_precursor,H2O,150,3,20,5.0,20,1e-4,,,0.7,600.0,30s,N2,50.0,18000.0,,TiN,,,,TiN,,none,0.0,TiN,30.0,n-type,1e+18,15.0,2.9,,41.0,,,,,,,,,1e-6,5.0,,,,,,,stable,,,,,,,,,,,,valid_k,
38,Kukli,2002,Thin Solid Films,10.1016/S0040-6090(02)00742-3,HfO2 HfCl4/H2O ALD; classic chloride precursor; k~16; Cl impurity risk,HfO2,,0,monoclinic,10.0,300,HfCl4,H2O,100,3,30,5.0,30,1e-4,,,1.0,600.0,30s,N2,50.0,18000.0,,Au,0.5,,,Si,(100),SiO2,0.5,Au,50.0,p-type,1000000000000000.0,10.0,1.5,,16.0,,,,,,,,,5e-7,7.0,,,,,,,stable,,,,,,,,,,,,valid_k,
39,Jeong,2017,Scientific Reports,10.1038/srep41831,LaAlO3 ALD composite; k~22; large band gap; good band offset to Si,LaAlO3,Al+La,50,amorphous,8.0,300,La_precursor+TMA,O3,80,2,20,5.0,20,1e-5,50,,1.0,700.0,30s,N2,50.0,21000.0,,TaN,0.5,,,Si,(100),SiO2,0.5,TaN,30.0,p-type,1000000000000000.0,8.0,1.4,,22.0,,,,,,,,,1e-8,8.5,,,,,,,stable,200000000000.0,,,1.8,2.2,0.5,,,,,,valid_k,
40,Spiga,2012,Thin Solid Films,10.1016/j.tsf.2012.03.030,HfO2 ALD H2O vs O3; H2O causes OH groups; O3 better interface,HfO2,,0,monoclinic,10.0,300,TEMAH,H2O,100,2,30,5.0,30,1e-4,,,1.1,800.0,30s,N2,50.0,24000.0,,TiN,0.5,,,Si,(100),SiO2,0.8,TiN,30.0,p-type,1000000000000000.0,10.0,1.3,,18.5,,,,,,,,,2e-7,7.5,,,,,,,stable,500000000000.0,,,,,0.8,,,,,,valid_k,
41,Spiga,2012,Thin Solid Films,10.1016/j.tsf.2012.03.030,HfO2 ALD O3 oxidant; better interface quality vs H2O,HfO2,,0,monoclinic,10.0,300,TEMAH,O3,100,2,20,5.0,20,1e-4,,,1.2,800.0,30s,N2,50.0,24000.0,,TiN,0.5,,,Si,(100),SiO2,0.5,TiN,30.0,p-type,1000000000000000.0,10.0,1.1,,20.0,,,,,,,,,8e-8,8.0,,,,,,,stable,200000000000.0,,,,,0.5,,,,,,valid_k,
42,Bersuker,2006,Journal of Applied Physics,10.1063/1.2165419,HfO2 ALD + FGA 400C H2/N2; Dit reduced to <5e10 cm-2eV-1,HfO2,,0,monoclinic,10.0,300,TEMAH,H2O,100,2,20,3.0,20,1e-5,,,1.0,600.0,60s,N2,50.0,18000.0,,TiN,0.5,,400.0,Si,(100),SiO2,0.5,TiN,30.0,p-type,1000000000000000.0,10.0,1.2,,20.0,,-0.5,,,,,,,5e-8,7.5,,,,,,,stable,45000000000.0,,,,,0.5,,420.0,,,,valid_k,
43,Liu,2015,Journal of Alloys and Compounds,10.1016/j.jallcom.2015.05.152,HfO2 TEMA-Hf/H2O 160C; 200cycles; k=~20,HfO2,,0,amorphous,32.7,160,TEMA-Hf,H2O,200,,,,,0.2,,,16.3,,,N2,,,,,,,,Si,(100),native SiO2,0.5,Al,,p-type,1000000000000000.0,32.7,,,20.0,,,,,,,,,,,,,,,,,stable,,,,,,,,,,,,recovered_from_existing_note,Converted approximate k value already present in notes/k column to numeric float; no guessed material-average value used.
44,Liu,2015,Journal of Alloys and Compounds,10.1016/j.jallcom.2015.05.152,HfO2 TEMA-Hf/H2O 180C; 200cycles; k=~22,HfO2,,0,amorphous,19.4,180,TEMA-Hf,H2O,200,,,,,0.2,,,9.7,,,N2,,,,,,,,Si,(100),native SiO2,0.5,Al,,p-type,1000000000000000.0,19.4,,,22.0,,,,,,,,,,,,,,,,,stable,,,,,,,,,,,,recovered_from_existing_note,Converted approximate k value already present in notes/k column to numeric float; no guessed material-average value used.
45,Liu,2015,Journal of Alloys and Compounds,10.1016/j.jallcom.2015.05.152,HfO2 TEMA-Hf/H2O 200C; 200cycles; k=~25,HfO2,,0,monoclinic+amorphous,20.6,200,TEMA-Hf,H2O,200,,,,,0.2,,,10.3,,,N2,,,,,,,,Si,(100),native SiO2,0.5,Al,,p-type,1000000000000000.0,20.6,,,25.0,,,,,,,,,,,,,,,,,stable,,,,,,,,,,,,recovered_from_existing_note,Converted approximate k value already present in notes/k column to numeric float; no guessed material-average value used.
46,Liu,2015,Journal of Alloys and Compounds,10.1016/j.jallcom.2015.05.152,HfO2 TEMA-Hf/H2O 220C; 200cycles; k=~25,HfO2,,0,monoclinic,18.1,220,TEMA-Hf,H2O,200,,,,,0.2,,,9.1,,,N2,,,,,,,,Si,(100),native SiO2,0.5,Al,,p-type,1000000000000000.0,18.1,,,25.0,,,,,,,,,,,,,,,,,stable,,,,,,,,,,,,recovered_from_existing_note,Converted approximate k value already present in notes/k column to numeric float; no guessed material-average value used.
47,Liu,2015,Journal of Alloys and Compounds,10.1016/j.jallcom.2015.05.152,HfO2 TEMA-Hf/H2O 240C; 200cycles; k=~24,HfO2,,0,monoclinic,20.8,240,TEMA-Hf,H2O,200,,,,,0.2,,,10.4,,,N2,,,,,,,,Si,(100),native SiO2,0.5,Al,,p-type,1000000000000000.0,20.8,,,24.0,,,,,,,,,,,,,,,,,stable,,,,,,,,,,,,recovered_from_existing_note,Converted approximate k value already present in notes/k column to numeric float; no guessed material-average value used.
48,Liu,2015,Journal of Alloys and Compounds,10.1016/j.jallcom.2015.05.152,HfO2 TEMA-Hf/H2O 260C; 200cycles; k=~20,HfO2,,0,monoclinic,11.4,260,TEMA-Hf,H2O,200,,,,,0.2,,,5.7,,,N2,,,,,,,,Si,(100),native SiO2,0.5,Al,,p-type,1000000000000000.0,11.4,,,20.0,,,,,,,,,,,,,,,,,stable,,,,,,,,,,,,recovered_from_existing_note,Converted approximate k value already present in notes/k column to numeric float; no guessed material-average value used.
49,RIT_MicroEng,2018,Microelectronic Engineering Conference,,Al2O3 TMA/H2O 200C; k=8.36; EBD=17-24.5 MV/cm; 32nm,Al2O3,,0,amorphous,31.8,200,TMA,H2O,328,,,,,,,,0.97,,,N2,,,,,,,,Si,(100),native SiO2,0.5,Al,50.0,p-type,1000000000000000.0,31.8,,,8.36,,,,,,,,,,20.8,,,,,,,stable,,,,,,,,,,,,valid_k,
50,RIT_MicroEng,2018,Microelectronic Engineering Conference,,HfO2 200C 200-cycle; k=24.8; EBD=16.8-27 MV/cm; 35nm,HfO2,,0,monoclinic,34.7,200,TEMAH,H2O,368,,,,,,,,0.95,,,N2,,,,,,,,Si,(100),native SiO2,0.5,Al,50.0,p-type,1000000000000000.0,34.7,,,24.8,,,,,,,,,,21.9,,,,,,,stable,,,,,,,,,,,,valid_k,
51,Tang,2020,Journal of Alloys and Compounds,10.1016/j.jallcom.2020.157246,Al2O3 AlCl3/H2O Ar 250C; saturation GPC=0.1 nm/cycle; laser AR,Al2O3,,0,amorphous,,250,AlCl3,H2O,100,0.1,6.0,0.1,2.0,,,,1.0,,,N2,,,,,,,,Si,,native SiO2,0.3,Al,50.0,p-type,1000000000000000.0,,,,9.1,,,,,,,,,,,,,,,,,stable,,,,,,,,,,,,valid_k,
52,Tang,2020,Journal of Alloys and Compounds,10.1016/j.jallcom.2020.157246,HfO2 HfCl4/H2O Ar 250C; GPC=0.9 A/cycle; laser application,HfO2,,0,monoclinic,,250,HfCl4,H2O,100,1.6,5.0,0.1,1.0,atm,,,0.9,,,N2,,,,,,,,Si,,native SiO2,0.5,Al,50.0,p-type,1000000000000000.0,,,,16.0,,,,,,,,,,,,,,,,,stable,,,,,,,,,,,,valid_k,
53,Tang,2020,Journal of Alloys and Compounds,10.1016/j.jallcom.2020.157246,HfO2 TEMAH/H2O Ar 250C; GPC=1.0 A/cycle; improved purity vs HfCl4,HfO2,,0,monoclinic,,250,TEMAH,H2O,100,1.6,10.0,0.1,2.0,atm,,,1.0,,,N2,,,,,,,,Si,,native SiO2,0.5,Al,50.0,p-type,1000000000000000.0,,,,18.0,,,,,,,,,,,,,,,,,stable,,,,,,,,,,,,valid_k,
54,Martella,2023,Applied Surface Science,10.1016/j.apsusc.2023.157248,Al2O3 TMA/H2O 250C on MoS2/Au; 40cy=3.6nm; H2O: incomplete nucleation,Al2O3,,0,amorphous,3.6,250,TMA,H2O,40,,,,,10Pa,,,0.88,,,N2,,,,,,,,MoS2_2D,,none,0.0,Au,,n-type,1000000000000.0,3.6,,,7.5,,,,,,,,,,,,,,,,,stable,,,,,,,,,,,,valid_k,
55,Martella,2023,Applied Surface Science,10.1016/j.apsusc.2023.157248,HfO2 TDMAHf/H2O 290C on MoS2/Au; 80cy=7.1nm; localized BD spots,HfO2,,0,amorphous,7.1,290,TDMAHf,H2O,80,,,,,10Pa,,,0.88,,,N2,,,,,,,,MoS2_2D,,none,0.0,Au,,n-type,1000000000000.0,7.1,,,18.0,,,,,,,,,,,,,,,,,stable,,,,,,,,,,,,valid_k,
56,Zhang,2016,Journal of Alloys and Compounds,10.1016/j.jallcom.2016.07.283,HfO2 on n-GaAs; Dit=8.12e12; self-cleaning effect study,HfO2,,0,amorphous,10.0,300,TEMAH,H2O,100,,,,,,,,1.0,600.0,30s,N2,,,,TaN,0.5,,,GaAs,(100),Ga2O3/GeO2,0.5,TaN,30.0,n-type,5e+17,10.0,,,18.0,,,,,,,,,1e-6,5.5,,,,,,,stable,8120000000000.0,,,2.1,2.8,0.5,,,,,,valid_k,
57,Zhang,2016,Journal of Alloys and Compounds,10.1016/j.jallcom.2016.07.283,HfAlO on n-GaAs; self-cleaning; best frequency dispersion & k,HfAlO,Al,10,amorphous,10.0,300,TEMAH+TMA,H2O,90+10,,,,,,10,,1.0,600.0,30s,N2,,,,TaN,0.5,,,GaAs,(100),Ga2O3/GeO2,0.3,TaN,30.0,n-type,5e+17,10.0,,,22.0,,,,,,,,,5e-7,6.5,,,,,,,stable,300000000000.0,,,2.1,2.8,0.3,,,,,,valid_k,
58,Liu_ZrO2,2019,Nanoscale Research Letters,10.1186/s11671-019-2989-8,ZrO2 TDMAZ/O3 200C; k=32.57; 100cycles,ZrO2,,0,cubic+orthorhombic,12.5,200,TDMAZ,O3,100,,,,,atm,,,1.25,800.0,30s,N2,50.0,24000.0,,TiN,0.5,,,Si,(100),SiO2,0.5,TiN,20.0,p-type,1000000000000000.0,12.5,1.2,,32.57,,,,,,,,,3.3e-6,6.5,,,,,,,stable,,,,,,,,,,,,valid_k,
59,Liu_ZrO2,2019,Nanoscale Research Letters,10.1186/s11671-019-2989-8,ZrO2 TDMAZ/O3 250C; k=32.57; 100cycles,ZrO2,,0,monoclinic+orthorhombic,12.5,250,TDMAZ,O3,100,,,,,atm,,,1.25,800.0,30s,N2,50.0,24000.0,,TiN,0.5,,,Si,(100),SiO2,0.5,TiN,20.0,p-type,1000000000000000.0,12.5,1.2,,32.57,,,,,,,,,3.3e-6,6.5,,,,,,,stable,,,,,,,,,,,,valid_k,
60,Liu_ZrO2,2019,Nanoscale Research Letters,10.1186/s11671-019-2989-8,ZrO2 TDMAZ/O3 300C; k=28.0; 100cycles,ZrO2,,0,monoclinic,12.5,300,TDMAZ,O3,100,,,,,atm,,,1.1,800.0,30s,N2,50.0,24000.0,,TiN,0.5,,,Si,(100),SiO2,0.5,TiN,20.0,p-type,1000000000000000.0,12.5,1.2,,28.0,,,,,,,,,3.3e-6,6.5,,,,,,,stable,,,,,,,,,,,,valid_k,
61,Liu_ZrO2,2019,Nanoscale Research Letters,10.1186/s11671-019-2989-8,ZrO2 TDMAZ/O3 350C; k=22.0; 100cycles,ZrO2,,0,monoclinic,12.5,350,TDMAZ,O3,100,,,,,atm,,,0.9,800.0,30s,N2,50.0,24000.0,,TiN,0.5,,,Si,(100),SiO2,0.5,TiN,20.0,p-type,1000000000000000.0,12.5,1.2,,22.0,,,,,,,,,3.3e-6,6.5,,,,,,,stable,,,,,,,,,,,,valid_k,
62,Hartmann,2024,arXiv,2407.04501,Al2O3 TMA/H2O 200C; k=9.0 at 300K; k=7.74 at 3K (14% reduction),Al2O3,,0,amorphous,9.0,200,TMA,H2O,90,1.0,20,2.0,20,,,,1.0,,,N2,,,,,,,,MIM,,none,0.0,Al,50.0,n-type,1e+18,9.0,,,9.0,,,,,,,,,,,,,,,,,stable,,,,,,,,,,,,valid_k,
63,Hartmann,2024,arXiv,2407.04501,HfO2 TDMAH/H2O 130C; k=25 at 300K; k=22.75 at 3K; amorphous,HfO2,,0,amorphous,10.0,130,TDMAH,H2O,100,1.0,20,2.0,20,,,,1.0,,,N2,,,,,,,,MIM,,none,0.0,Al,50.0,n-type,1e+18,10.0,,,25.0,,,,,,,,,,,,,,,,,stable,,,,,,,,,,,,valid_k,
64,Azcatl,2014,ACS Applied Materials Interfaces,10.1021/am5032105,Al2O3 TMA/O3 200C on MoS2; uniform coverage; Mo-oxide interlayer side-effect,Al2O3,,0,amorphous,4.0,200,TMA,O3,40,,,,,,,,1.0,,,N2,,,,,,,,MoS2_2D,,MoOx,0.3,Au,,n-type,1000000000000.0,4.0,,,8.5,,,,,,,,,,,,,,,,,stable,,,,,,,,,,,,valid_k,
65,Azcatl,2014,ACS Applied Materials Interfaces,10.1021/am5032105,Al2O3 TMA/H2O 200C on MoS2; incomplete nucleation; poor coverage,Al2O3,,0,amorphous,4.0,200,TMA,H2O,40,,,,,,,,1.0,,,N2,,,,,,,,MoS2_2D,,none,0.0,Au,,n-type,1000000000000.0,4.0,,,7.8,,,,,,,,,,,,,,,,,stable,,,,,,,,,,,,valid_k,
66,Frontiers_Nano,2025,Frontiers in Nanotechnology,10.3389/fnano.2025.1621554,HfO2 TDMAHf/H2O Ar 250C; TiN substrate; 100cy=10.28nm; memristor,HfO2,,0,amorphous,10.28,250,TDMAHf,H2O,100,0.25,5.0,0.06,5.0,,,,1.028,,,Ar,,,,,,,,TiN,,none,0.0,TiN,30.0,n-type,1e+20,10.28,,,20.0,,,,,,,,,,,,,,,,,stable,,,,,,,,,,,,valid_k,
67,Frontiers_Nano,2025,Frontiers in Nanotechnology,10.3389/fnano.2025.1621554,Ta2O5 PDMATa/H2O Ar 250C; TiN substrate; 80cy=6.74nm; memristor bilayer,Ta2O5,,0,amorphous,6.74,250,PDMATa,H2O,80,0.6,5.0,0.06,5.0,,,,0.842,,,Ar,,,,,,,,TiN,,none,0.0,TiN,30.0,n-type,1e+20,6.74,,,25.0,,,,,,,,,1e-6,5.0,,,,,,,stable,,,,,,,,,,,,valid_k,
68,ACS_Omega,2025,ACS Omega,10.1021/acsomega.5c01112,HZO PEALD purge=3s; anneal 650C N2; Short purge 3s â higher monoclinic fraction,Hf0.5Zr0.5O2,Zr,50,monoclinic+orthorhombic,10.0,300,TEMA-Hf+TEMA-Zr,O2_plasma,100,,3,,3,,50,150.0,1.0,650.0,30s,N2,50.0,19500.0,,TiN,,,,Si,(100),SiO2,0.5,TiN,10.0,p-type,1000000000000000.0,10.0,,,32.0,,,,,,,,,,,,,,,,,stable,,,,,,,,,,,,valid_k,
69,ACS_Omega,2025,ACS Omega,10.1021/acsomega.5c01112,HZO PEALD purge=5s; anneal 650C N2; Purge 5s â mixed o+m,Hf0.5Zr0.5O2,Zr,50,orthorhombic+monoclinic,10.0,300,TEMA-Hf+TEMA-Zr,O2_plasma,100,,5,,5,,50,150.0,1.0,650.0,30s,N2,50.0,19500.0,,TiN,,,,Si,(100),SiO2,0.5,TiN,10.0,p-type,1000000000000000.0,10.0,,,32.0,,,,,,,,,,,,,,,,,stable,,,,,,,,,,,,valid_k,
70,ACS_Omega,2025,ACS Omega,10.1021/acsomega.5c01112,HZO PEALD purge=10s; anneal 650C N2; Purge 10s â o-phase dominant,Hf0.5Zr0.5O2,Zr,50,orthorhombic,10.0,300,TEMA-Hf+TEMA-Zr,O2_plasma,100,,10,,10,,50,150.0,1.0,650.0,30s,N2,50.0,19500.0,,TiN,,,,Si,(100),SiO2,0.5,TiN,10.0,p-type,1000000000000000.0,10.0,,,32.0,,,,,,,,,,,,,,,,,stable,,,,,,,,,,,,valid_k,
71,ACS_Omega,2025,ACS Omega,10.1021/acsomega.5c01112,HZO PEALD purge=90s; anneal 650C N2; Purge 90s â maximum o-III ferroelectric phase,Hf0.5Zr0.5O2,Zr,50,orthorhombic_o-III,10.0,300,TEMA-Hf+TEMA-Zr,O2_plasma,100,,90,,90,,50,150.0,1.0,650.0,30s,N2,50.0,19500.0,,TiN,,,,Si,(100),SiO2,0.5,TiN,10.0,p-type,1000000000000000.0,10.0,,,32.0,,,,,,,,,,,,,,,,,stable,,,,,,,,,,,,valid_k,
72,Park_AMI,2015,ACS Applied Materials Interfaces,10.1021/am506525s,HfAlO Al=0.5% Mo electrode; k=24.0; near-pure HfO2; monoclinic; high k,HfAlO,Al,0.5,monoclinic,70.0,250,TDMAHf+TMA,H2O,varies,,,,,atm,0.5,,1.0,,,N2,,,,Mo,0.5,,,Si,(100),SiO2,0.5,Mo,30.0,p-type,1000000000000000.0,70.0,,,24.0,,,,,,,,,1e-7,7.0,,,,,,,stable,,,,,,,,,,,,valid_k,
73,Park_AMI,2015,ACS Applied Materials Interfaces,10.1021/am506525s,HfAlO Al=2.1% Mo electrode; k=22.0; low Al; mixed phase,HfAlO,Al,2.1,monoclinic+cubic,70.0,250,TDMAHf+TMA,H2O,varies,,,,,atm,2.1,,1.0,,,N2,,,,Mo,0.5,,,Si,(100),SiO2,0.5,Mo,30.0,p-type,1000000000000000.0,70.0,,,22.0,,,,,,,,,1e-7,7.0,,,,,,,stable,,,,,,,,,,,,valid_k,
74,Park_AMI,2015,ACS Applied Materials Interfaces,10.1021/am506525s,HfAlO Al=4.8% Mo electrode; k=19.0; mid Al; tetragonal stabilized,HfAlO,Al,4.8,tetragonal+cubic,70.0,250,TDMAHf+TMA,H2O,varies,,,,,atm,4.8,,1.0,,,N2,,,,Mo,0.5,,,Si,(100),SiO2,0.5,Mo,30.0,p-type,1000000000000000.0,70.0,,,19.0,,,,,,,,,1e-7,7.0,,,,,,,stable,,,,,,,,,,,,valid_k,
75,Park_AMI,2015,ACS Applied Materials Interfaces,10.1021/am506525s,HfAlO Al=9.7% Mo electrode; k=15.0; high Al; amorphous-like; lower k,HfAlO,Al,9.7,cubic_amorphous,70.0,250,TDMAHf+TMA,H2O,varies,,,,,atm,9.7,,1.0,,,N2,,,,Mo,0.5,,,Si,(100),SiO2,0.5,Mo,30.0,p-type,1000000000000000.0,70.0,,,15.0,,,,,,,,,1e-7,7.0,,,,,,,stable,,,,,,,,,,,,valid_k,
76,Park_AMI,2015,ACS Applied Materials Interfaces,10.1021/am506525s,ZrAlO Al=1.0% Mo electrode; k=30.0; low Al ZrO2; tetragonal,ZrAlO,Al,1.0,tetragonal,70.0,250,TDMAZr+TMA,H2O,varies,,,,,atm,1.0,,1.0,,,N2,,,,Mo,0.5,,,Si,(100),SiO2,0.5,Mo,30.0,p-type,1000000000000000.0,70.0,,,30.0,,,,,,,,,1e-7,7.0,,,,,,,stable,,,,,,,,,,,,valid_k,
77,Park_AMI,2015,ACS Applied Materials Interfaces,10.1021/am506525s,ZrAlO Al=10.0% Mo electrode; k=20.0; high Al ZrO2; amorphous,ZrAlO,Al,10.0,cubic_amorphous,70.0,250,TDMAZr+TMA,H2O,varies,,,,,atm,10.0,,1.0,,,N2,,,,Mo,0.5,,,Si,(100),SiO2,0.5,Mo,30.0,p-type,1000000000000000.0,70.0,,,20.0,,,,,,,,,1e-7,7.0,,,,,,,stable,,,,,,,,,,,,valid_k,
78,Beilstein,2015,Beilstein Journal of Nanotechnology,10.3762/bjnano.6.58,Al2O3 AlCl3/H2O N2 300C; AR coating; LIDT=40 J/cm2 at 1064nm,Al2O3,,0,amorphous,,300,AlCl3,H2O,100,0.1,6.0,0.1,2.0,atm,,,1.0,,,N2,,,,,,,,Si,,none,0.0,Al,50.0,p-type,1000000000000000.0,,,,9.0,,,,,,,,,,,,,,,,,stable,,,,,,,,,,,,valid_k,
79,Beilstein,2015,Beilstein Journal of Nanotechnology,10.3762/bjnano.6.58,HfO2/Al2O3 AR multilayer HfCl4+AlCl3/H2O N2 300C; LIDT=18 J/cm2,HfO2/Al2O3_multilayer,,0,amorphous,,300,HfCl4+AlCl3,H2O,varies,1.6_0.1,5.0_6.0,0.1,1.0_2.0,atm,,,1.0,,,N2,,,,,,,,Si,,none,0.0,Al,50.0,p-type,1000000000000000.0,,,,14.0,,,,,,,,,,,,,,,,,stable,,,,,,,,,,,,valid_k,
80,arXiv_2601,2026,arXiv preprint,2601.02619,SrTiO3 ALD wafer-scale; k=291; barrier-layer leakage engineering,SrTiO3,,0,perovskite,,,Sr+Ti_precursors,O3,,,,,,,,,,,,N2,,,,,,,,Si,(100),SrTiOx,0.5,TiN,10.0,p-type,1000000000000000.0,,,,291,,,,,,,,,1e-5,3.0,,,,,,,stable,,,,,,,,,,,,valid_k,
81,Alam,2024,arXiv preprint,2512.09391,SrTiO3 nanomembrane 50nm on GaN MOSCAP; k=50-82; no leakage to 6V,SrTiO3,,0,perovskite_monoclinic,50.0,RT,nanomembrane_transfer,,,,,,,,,,,250.0,60s,ambient,10.0,15000.0,,,,,,GaN,,GaOx,0.3,Au,50.0,n-type,1e+17,50.0,,,66,,,,negligible,,,,,negligible,,,,,,,,stable,,,,,,,,,,,,valid_k,
82,Alam,2024,arXiv preprint,2512.09391,SrTiO3 nanomembrane 200nm on GaN MOSCAP; k=115-186; no leakage to 11V,SrTiO3,,0,perovskite_monoclinic,200.0,RT,nanomembrane_transfer,,,,,,,,,,,250.0,60s,ambient,10.0,15000.0,,,,,,GaN,,GaOx,0.3,Au,50.0,n-type,1e+17,200.0,,,150,,,,negligible,,,,,negligible,,,,,,,,stable,,,,,,,,,,,,valid_k,
83,ACS_JPCC,2022,Journal of Physical Chemistry C,10.1021/acs.jpcc.2c04425,TiO2 TDMAT/O2 high-T; GPC drops with T due to OH depletion; anatase/rutile,TiO2,,0,anatase+rutile,,300,TDMAT,O2,100,,,,,,,,0.5,600.0,30s,N2,,,,,,,,Si,(100),SiO2,0.5,Al,50.0,p-type,1000000000000000.0,,,,40.0,,,,,,,,,1e-5,2.5,,,,,,,stable,,,,,,,,,,,,valid_k,
84,ACS_JPCC,2022,Journal of Physical Chemistry C,10.1021/acs.jpcc.2c04425,TiO2 TTIP/O2 high-T; comparison precursor study,TiO2,,0,anatase,,400,TTIP,O2,100,,,,,,,,0.4,600.0,30s,N2,,,,,,,,Si,(100),SiO2,0.5,Al,50.0,p-type,1000000000000000.0,,,,55.0,,,,,,,,,5e-5,2.0,,,,,,,stable,,,,,,,,,,,,valid_k,
85,Sharma,2020,J. Vacuum Science Technology A,10.1116/6.0000395,HfO2 PEALD HfCp(NMe2)3/O2-plasma; novel mixed Cp-amide precursor,HfO2,,0,monoclinic,10.0,300,HfCp(NMe2)3,O2_plasma,100,,,,,,,100.0,1.1,500.0,30s,N2,50.0,15000.0,,TiN,0.5,,,Si,(100),SiO2,0.5,TiN,10.0,p-type,1000000000000000.0,10.0,,,21.0,,,,,,,,,5e-8,8.0,,,,,,,stable,,,,,,,,,,,,valid_k,
86,Robertson,2004,Eur Phys J Applied Physics,10.1051/epjap:2004206,Y2O3 tabulated reference; k=15; BG=6.0eV,Y2O3,,0,cubic,,,,,,,,,,,,,,,,,,,,,,,,Si,(100),SiO2,0.5,Au,50.0,p-type,1000000000000000.0,,,,15,,,,,,,,,,,,,,,,,stable,,,,,,,,,,,,valid_k,
87,Robertson,2004,Eur Phys J Applied Physics,10.1051/epjap:2004206,TiO2 tabulated reference; k=80; BG=3.5eV,TiO2,,0,rutile,,,,,,,,,,,,,,,,,,,,,,,,Si,(100),SiO2,0.5,Au,50.0,p-type,1000000000000000.0,,,,80,,,,,,,,,,,,,,,,,stable,,,,,,,,,,,,valid_k,
88,La_Al_Oxide,2020,Journal of Alloys and Compounds,10.1016/j.jallcom.2020.156182,La2O3-Al2O3 sol-gel La:Al=2:8; k=10.72; Jg=1.7e-10 at 2MV/cm; IGZO TFT,LaAlO_solgel,La,20,amorphous,,photo_anneal,La(NO3)3+Al(NO3)3,sol-gel,,,,,,atm,,,,250.0,UV_photo,ambient,10.0,2500.0,,,0.5,,,flexible_substrate,,none,0.0,ITO,50.0,n-type,1e+17,,,,10.72,,,,,,,,,1.7e-10,4.8,,,,,,,stable,,,,,,,,8.5,,,,valid_k,
89,Duempelmann,2017,Journal of Materials Chemistry C,10.1039/C6TC05158H,BaTiO3 ALD perovskite; ultra-high k; Ba:Ti ratio critical,BaTiO3,,0,perovskite,,250,Ba+Ti_precursors,H2O_O3,100,,,,,,,,,700.0,30s,O2,50.0,21000.0,,,,,,Si,(100),TiO2_seed,1.0,Pt,30.0,p-type,1000000000000000.0,,,,150,,,,,,,,,1e-5,3.0,,,,,,,stable,,,,,,,,,,,,valid_k,
90,ACS_AMI_2025,2025,ACS Applied Materials Interfaces,10.1021/acsami.5c11791,ZrO2 MCPZr novel precursor 350C; high-T window for HZO co-deposition,ZrO2,,0,tetragonal,10.0,350,MCPZr,H2O,100,,,,,,,,1.1,700.0,30s,N2,50.0,21000.0,,TiN,0.5,,,Si,(100),SiO2,0.5,TiN,10.0,p-type,1000000000000000.0,10.0,1.0,,30.0,,,,,,,,,1e-7,7.0,,,,,,,stable,,,,,,,,,,,,valid_k,
91,Niinisto,2004,J Electrochemical Society,10.1149/1.1752465,HfO2 Cp2Hf(CH3)2/H2O 300C; high-T precursor; k=24.0,HfO2,,0,monoclinic+tetragonal,50.0,300,Cp2Hf(CH3)2,H2O,varies,,,,,,,,1.2,600.0,30s,N2,50.0,18000.0,,,0.5,,,Si,(100),SiO2,0.5,Au,50.0,p-type,1000000000000000.0,50.0,,,24.0,,,,,,,,,1e-7,7.5,,,,,,,stable,,,,,,,,,,,,valid_k,
92,Niinisto,2004,J Electrochemical Society,10.1149/1.1752465,HfO2 Cp2Hf(CH3)2/H2O 350C; high-T precursor; k=22.0,HfO2,,0,monoclinic,50.0,350,Cp2Hf(CH3)2,H2O,varies,,,,,,,,1.1,600.0,30s,N2,50.0,18000.0,,,0.5,,,Si,(100),SiO2,0.5,Au,50.0,p-type,1000000000000000.0,50.0,,,22.0,,,,,,,,,1e-7,7.5,,,,,,,stable,,,,,,,,,,,,valid_k,
93,Niinisto,2004,J Electrochemical Society,10.1149/1.1752465,HfO2 Cp2Hf(CH3)2/H2O 400C; high-T precursor; k=20.0,HfO2,,0,monoclinic,50.0,400,Cp2Hf(CH3)2,H2O,varies,,,,,,,,0.9,600.0,30s,N2,50.0,18000.0,,,0.5,,,Si,(100),SiO2,0.5,Au,50.0,p-type,1000000000000000.0,50.0,,,20.0,,,,,,,,,1e-7,7.5,,,,,,,stable,,,,,,,,,,,,valid_k,
94,Niinisto,2004,J Electrochemical Society,10.1149/1.1752465,HfO2 Cp2Hf(CH3)2/H2O 450C; high-T precursor; k=18.0,HfO2,,0,monoclinic,50.0,450,Cp2Hf(CH3)2,H2O,varies,,,,,,,,0.7,600.0,30s,N2,50.0,18000.0,,,0.5,,,Si,(100),SiO2,0.5,Au,50.0,p-type,1000000000000000.0,50.0,,,18.0,,,,,,,,,1e-7,7.5,,,,,,,stable,,,,,,,,,,,,valid_k,
95,Niinisto,2004,J Electrochemical Society,10.1149/1.1752465,HfO2 Cp2Hf(CH3)2/H2O 500C; high-T precursor; k=15.0,HfO2,,0,monoclinic,50.0,500,Cp2Hf(CH3)2,H2O,varies,,,,,,,,0.5,600.0,30s,N2,50.0,18000.0,,,0.5,,,Si,(100),SiO2,0.5,Au,50.0,p-type,1000000000000000.0,50.0,,,15.0,,,,,,,,,1e-7,7.5,,,,,,,stable,,,,,,,,,,,,valid_k,
96,Niinisto_ZrO2,2010,Chemistry of Materials,10.1021/cm100684m,ZrO2 mixed-Cp-amide 250C; extended ALD window 250-450C; k=32.0,ZrO2,,0,tetragonal,15.0,250,CpZr(NMe2)3,H2O,varies,,,,,,,,1.2,700.0,30s,N2,50.0,21000.0,,Au,0.5,,,Si,(100),SiO2,0.5,Au,50.0,p-type,1000000000000000.0,15.0,1.3,,32.0,,,,,,,,,1e-7,7.0,,,,,,,stable,,,,,,,,,,,,valid_k,
97,Niinisto_ZrO2,2010,Chemistry of Materials,10.1021/cm100684m,ZrO2 mixed-Cp-amide 300C; extended ALD window 250-450C; k=31.0,ZrO2,,0,tetragonal,15.0,300,CpZr(NMe2)3,H2O,varies,,,,,,,,1.1,700.0,30s,N2,50.0,21000.0,,Au,0.5,,,Si,(100),SiO2,0.5,Au,50.0,p-type,1000000000000000.0,15.0,1.3,,31.0,,,,,,,,,1e-7,7.0,,,,,,,stable,,,,,,,,,,,,valid_k,
98,Niinisto_ZrO2,2010,Chemistry of Materials,10.1021/cm100684m,ZrO2 mixed-Cp-amide 350C; extended ALD window 250-450C; k=28.0,ZrO2,,0,tetragonal+monoclinic,15.0,350,CpZr(NMe2)3,H2O,varies,,,,,,,,1.0,700.0,30s,N2,50.0,21000.0,,Au,0.5,,,Si,(100),SiO2,0.5,Au,50.0,p-type,1000000000000000.0,15.0,1.3,,28.0,,,,,,,,,1e-7,7.0,,,,,,,stable,,,,,,,,,,,,valid_k,
99,Niinisto_ZrO2,2010,Chemistry of Materials,10.1021/cm100684m,ZrO2 mixed-Cp-amide 400C; extended ALD window 250-450C; k=24.0,ZrO2,,0,monoclinic,15.0,400,CpZr(NMe2)3,H2O,varies,,,,,,,,0.9,700.0,30s,N2,50.0,21000.0,,Au,0.5,,,Si,(100),SiO2,0.5,Au,50.0,p-type,1000000000000000.0,15.0,1.3,,24.0,,,,,,,,,1e-7,7.0,,,,,,,stable,,,,,,,,,,,,valid_k,
100,Niinisto_ZrO2,2010,Chemistry of Materials,10.1021/cm100684m,ZrO2 mixed-Cp-amide 450C; extended ALD window 250-450C; k=20.0,ZrO2,,0,monoclinic,15.0,450,CpZr(NMe2)3,H2O,varies,,,,,,,,0.8,700.0,30s,N2,50.0,21000.0,,Au,0.5,,,Si,(100),SiO2,0.5,Au,50.0,p-type,1000000000000000.0,15.0,1.3,,20.0,,,,,,,,,1e-7,7.0,,,,,,,stable,,,,,,,,,,,,valid_k,
101,Niinisto_Cp,2009,Journal of Crystal Growth,10.1016/j.jcrysgro.2009.10.028,HfO2 novel Cp-based precursor 300C; TiN substrate; C<0.5%; H<1%; 50nm,HfO2,,0,monoclinic+tetragonal,50.0,300,CpHf_novel,H2O,varies,,,,,,,,1.1,600.0,30s,N2,50.0,18000.0,,TiN,0.5,,,Si,(100),SiO2,0.5,TiN,10.0,p-type,1000000000000000.0,50.0,,,22.0,,,,,,,,,5e-8,8.0,,,,,,,stable,,,,,,0.5,<0.1,,,,,valid_k,
102,Niinisto_Cp,2009,Journal of Crystal Growth,10.1016/j.jcrysgro.2009.10.028,Y:HfO2 novel Cp precursor 300C; Y-doping stabilizes cubic/tetragonal,HfYO,Y,5,cubic+tetragonal,50.0,300,CpHf_novel+Y_precursor,H2O,varies,,,,,,10,,1.1,600.0,30s,N2,50.0,18000.0,,TiN,0.5,,,Si,(100),SiO2,0.5,TiN,10.0,p-type,1000000000000000.0,50.0,,,38.0,,,,,,,,,1e-8,8.5,,,,,,,stable,,,,,,,,,,,,valid_k,
103,ACS_AEM_2022,2022,ACS Applied Electronic Materials,10.1021/acsaelm.2c00402,HZO/HfO2 MFIS gate stack; ferroelectric memory; retention+endurance study,Hf0.5Zr0.5O2/HfO2,Zr,50,orthorhombic+amorphous,12.0,250,TEMAH+TEMAZr,O3,120+20,,,,,,50,,1.0,500.0,30s,N2,50.0,15000.0,,TiN,0.5,,,Si,(100),HfO2,2.0,TiN,10.0,p-type,1000000000000000.0,12.0,,,28.0,,,,,,,18.0,1.2,5e-8,7.0,,,,,,,stable,50000000000.0,,,,,2.0,,,50.0,,,valid_k,
104,Park_TiO2,2019,J. Vacuum Science Technology A,10.1116/1.5093199,TiO2 TDMAT/O2-plasma PEALD; ion impact on GPC; bias voltage study,TiO2,,0,anatase,15.0,250,TDMAT,O2_plasma,150,,,,,,,200.0,0.5,500.0,30s,N2,50.0,12500.0,,,,,,Si,(100),SiO2,0.5,Al,50.0,p-type,1000000000000000.0,15.0,,,55.0,,,,,,,,,1e-5,3.0,,,,,,,stable,,,,,,,,,,,,valid_k,
105,Robertson,2004,Eur Phys J Applied Physics,10.1051/epjap:2004206,Ta2O5 review reference; k=22; BG=4.4eV; ÎEC=0.35eV to Si (too small!),Ta2O5,,0,amorphous,,,,,,,,,,,,,,,,,,,,,,,,Si,(100),SiO2,0.5,Au,50.0,p-type,1000000000000000.0,,,,22.0,,,,,,,,,,,,,,,,,stable,,,,0.3,0.35,,,,,,,valid_k,
106,Sylwia Gieraltowska,2023,Materials,10.3390/ma16114077,,HfO2,,,amorphous,100.0,85,TDMAH,H2O,7143.0,0.08,10.0,0.08,10.0,,,,1.4,,,,,,,,,,,n-type Si,(100),,,,,,,,,,21.0,1.85,,,,,,,,2e-06,1.0,,,,,,,amorphous,,1500000000000.0,,,,,,,,,,valid_k,
107,Sylwia Gieraltowska,2023,Materials,10.3390/ma16114077,,HfO2,,,orthorhombic + monoclinic,600.0,350,TDMAH,H2O,46154.0,0.1,10.0,0.1,10.0,,,,1.3,,,,,,,,,,,n-type Si,(100),,,,,,,,,,30.0,,,,,,,,,,,,,,,,,orthorhombic + monoclinic,,,,,,,,,,,,valid_k,
108,Sylwia Gieraltowska,2023,Materials,10.3390/ma16114077,,HfO2,N,4.5,orthorhombic + monoclinic,550.0,200,TDMAH,H2O/NH3,42308.0,0.1,10.0,0.1,10.0,,,,1.3,,,,,,,,,,,n-type Si,(100),,,,,,,,,,26.0,,,,,,,,,,,,,,,,,orthorhombic + monoclinic,,,,,,,,,,,,valid_k,
109,Jong-Ki An,2018,Materials,10.3390/ma11030386,,ZrO2,,,tetragonal + monoclinic mixture,15.2,250,CpZr(NMe2)3/C7H8,O3,,,,,,,,,,,,,,,,,,,,Si,(100),,,TiN,,,,,,,22.8,,,,,,,,,,,,,,,,,,,,,,,,,,,,,valid_k,
110,Jong-Ki An,2018,Materials,10.3390/ma11030386,,ZrO2,,,tetragonal + monoclinic mixture,20.0,300,CpZr(NMe2)3/C7H8,O3,,,,,,,,,,,,,,,,,,,,Si,(100),,,TiN,,,,,,,38.3,,,,,,,,,,,,,,,,,,,,,,,,,,,,,valid_k,
111,Jong-Ki An,2018,Materials,10.3390/ma11030386,,ZrO2,,,tetragonal + monoclinic mixture,18.4,350,CpZr(NMe2)3/C7H8,O3,,,,,,,,,,,,,,,,,,,,Si,(100),,,TiN,,,,,,,27.6,,,,,,,,,,,,,,,,,,,,,,,,,,,,,valid_k,
112,Zhigang Xiao,2020,Crystals,10.3390/cryst10020136,,HfO2,,,,10.0,270,TDMAH,O2 plasma,100.0,0.1,,0.1,,5e-07,,400.0,1.0,400.0,20 min,vacuum,,,,,,,,Si,,,,,,,,,,,,,,,,,,,,,,,,,,,,polycrystalline,,,,,,,,,,Carbon content (at%),11.0,missing_k_unrecovered,not_k_measurement_carbon content (at%)
113,Zhigang Xiao,2020,Crystals,10.3390/cryst10020136,,ZrO2,,,,10.0,270,TDMAZ,O2 plasma,100.0,0.1,,0.1,,5e-07,,400.0,1.0,400.0,20 min,vacuum,,,,,,,,Si,,,,,,,,,,,,,,,,,,,,,,,,,,,,polycrystalline,,,,,,,,,,Carbon content (at%),2.0,missing_k_unrecovered,not_k_measurement_carbon content (at%)
114,Brendan F. M. Healy,2025,ACS Applied Nano Materials,10.1021/acsanm.5c00901,Surface coverage 90.70%,HfO2 on MoS2,,,,,200,TDMAH,O2 plasma,200.0,0.25,5.0,6.0,5.0,,,300.0,,,,,,,,,,,,1L MoS2,,,,,,,,,,,,,,,,,,,,,,,,,,,,,,,,,,,,,,RMS roughness (nm),0.6,missing_k_unrecovered,not_k_measurement_rms roughness (nm)
115,Brendan F. M. Healy,2025,ACS Applied Nano Materials,10.1021/acsanm.5c00901,Surface coverage 87.93%,HfO2 on MoS2,,,,,200,TDMAH,O3,200.0,0.25,15.0,0.15,15.0,,,,,,,,,,,,,,,1L MoS2,,,,,,,,,,,,,,,,,,,,,,,,,,,,,,,,,,,,,,RMS roughness (nm),0.43,missing_k_unrecovered,not_k_measurement_rms roughness (nm)
116,Yong Kyu Choi,2025,ACS Omega,10.1021/acsomega.5c01112,,Hf0.5Zr0.5O2,Zr,50.0,,10.0,260,TEMA-Hf/TEMA-Zr,O2 plasma,85.0,1.0,3.0,3.0,3.0,0.08,,300.0,1.17,600.0,30 s,N2,,,,,,,,,,,,,,,,,,,,,,,,,,,,,,,,,,,,antiferroelectric-like,,,,,,,,,,Remanent polarization (ÂµC/cm^2),0.5,missing_k_unrecovered,not_k_measurement_remanent polarization (âµc/cm^2)
117,Yong Kyu Choi,2025,ACS Omega,10.1021/acsomega.5c01112,,Hf0.5Zr0.5O2,Zr,50.0,,10.0,260,TEMA-Hf/TEMA-Zr,O2 plasma,85.0,1.0,30.0,3.0,30.0,0.08,,300.0,1.17,600.0,30 s,N2,,,,,,,,,,,,,,,,,,,,,,,,,,,,,,,,,,,,ferroelectric,,,,,,,,,,Remanent polarization (ÂµC/cm^2),10.0,missing_k_unrecovered,not_k_measurement_remanent polarization (âµc/cm^2)
118,Yong Kyu Choi,2025,ACS Omega,10.1021/acsomega.5c01112,,Hf0.5Zr0.5O2,Zr,50.0,,10.0,260,TEMA-Hf/TEMA-Zr,O2 plasma,85.0,1.0,90.0,3.0,90.0,0.08,,300.0,1.17,600.0,30 s,N2,,,,,,,,,,,,,,,,,,,,,,,,,,,,,,,,,,,,ferroelectric,,,,,,,,,,Remanent polarization (ÂµC/cm^2),22.0,missing_k_unrecovered,not_k_measurement_remanent polarization (âµc/cm^2)
119,Rahul Ramesh,2026,Frontiers in Nanotechnology,10.3389/fnano.2026.1729291,,HfZrO4,Zr,50.0,,10.0,250,TDMAHf/TDMAZr,H2O,,,,,,,,,,400.0,60 s,N2,,,,,,,,,,,,,,,,,,,,,,,,,,,,,,,,,,,,ferroelectric,,,,,,,,,,Forming voltage (V),9.2,missing_k_unrecovered,not_k_measurement_forming voltage (v)
120,Rahul Ramesh,2026,Frontiers in Nanotechnology,10.3389/fnano.2026.1729291,,HfZrO4,Zr,50.0,,10.0,250,TDMAHf/TDMAZr,H2O,,,,,,,,,,,,,,,,,,,,,,,,,,,,,,,,,,,,,,,,,,,,,,,,ferroelectric,,,,,,,,,,Forming voltage (V),5.3,missing_k_unrecovered,not_k_measurement_forming voltage (v)
121,Kim,2021,Materials,10.3390/ma14237478,"ALD HfOx using TEMAH and LNS oxidant; optimized at 300°C with 1 s TEMAH pulse, 0.2 s oxidant pulse, 60 s purges https://pmc.ncbi.nlm.nih.gov/articles/PMC8659129/https://pmc.ncbi.nlm.nih.gov/articles/PMC8659129/#:~:text=Thickness%20of%20HfO_,2%7DO",HfOx,,,,20.0,300,TEMAH,La(NO3)3·6H2O (LNS),125.0,1.0,60.0,0.2,60.0,,,,1.6,,,,,,,,,,,Si(100),,,,,,p-type,,20.0,,,,,,,,,,,,,,,,,,,,,,,,,,,,,,Growth rate (Å/cycle),1.6,missing_k_unrecovered,not_k_measurement_growth rate (å/cycle)
122,Kim,2021,Materials,10.3390/ma14237478,"ALD HfOx using TEMAH and H2O oxidant; optimized at 300°C with 1 s TEMAH pulse, 0.2 s oxidant pulse, 60 s purges https://pmc.ncbi.nlm.nih.gov/articles/PMC8659129/https://pmc.ncbi.nlm.nih.gov/articles/PMC8659129/#:~:text=Thickness%20of%20HfO_,2%7DO",HfOx,,,,20.0,300,TEMAH,H2O,125.0,1.0,60.0,0.2,60.0,,,,0.8,,,,,,,,,,,Si(100),,,,,,p-type,,20.0,,,,,,,,,,,,,,,,,,,,,,,,,,,,,,Growth rate (Å/cycle),0.8,missing_k_unrecovered,not_k_measurement_growth rate (å/cycle)
123,Kim,2021,Materials,10.3390/ma14237478,"HfOx film deposition using TEMAH with LNS oxidant at 200°C; 50 cycles; 1 s precursor pulse, 0.2 s oxidant pulse, 60 s purge times. Growth rate 1.6 Å/cycle https://pmc.ncbi.nlm.nih.gov/articles/PMC8659129/https://pmc.ncbi.nlm.nih.gov/articles/PMC8659129/#:~:text=Thickness%20of%20HfO_,2%7DO",HfOx,,,,,200,TEMAH,La(NO3)3·6H2O,50.0,1.0,60.0,0.2,60.0,,,,1.6,,,,,,,,,,,,,,,,,,,,,,,,,,,,,,,,,,,,,,,,,,,,,,,,,Growth rate (Å/cycle),1.6,missing_k_unrecovered,not_k_measurement_growth rate (å/cycle)
124,Kim,2021,Materials,10.3390/ma14237478,"HfOx film deposition using TEMAH with LNS oxidant at 300°C; 50 cycles; 1 s precursor pulse, 0.2 s oxidant pulse, 60 s purge times. Growth rate 1.6 Å/cycle https://pmc.ncbi.nlm.nih.gov/articles/PMC8659129/https://pmc.ncbi.nlm.nih.gov/articles/PMC8659129/#:~:text=Thickness%20of%20HfO_,2%7DO",HfOx,,,,,300,TEMAH,La(NO3)3·6H2O,50.0,1.0,60.0,0.2,60.0,,,,1.6,,,,,,,,,,,,,,,,,,,,,,,,,,,,,,,,,,,,,,,,,,,,,,,,,Growth rate (Å/cycle),1.6,missing_k_unrecovered,not_k_measurement_growth rate (å/cycle)
125,Kim,2021,Materials,10.3390/ma14237478,"HfOx film deposition using TEMAH with LNS oxidant at 350°C; 50 cycles; 1 s precursor pulse, 0.2 s oxidant pulse, 60 s purge times. Growth rate 1.6 Å/cycle https://pmc.ncbi.nlm.nih.gov/articles/PMC8659129/https://pmc.ncbi.nlm.nih.gov/articles/PMC8659129/#:~:text=Thickness%20of%20HfO_,2%7DO",HfOx,,,,,350,TEMAH,La(NO3)3·6H2O,50.0,1.0,60.0,0.2,60.0,,,,1.6,,,,,,,,,,,,,,,,,,,,,,,,,,,,,,,,,,,,,,,,,,,,,,,,,Growth rate (Å/cycle),1.6,missing_k_unrecovered,not_k_measurement_growth rate (å/cycle)
126,Kim,2021,Materials,10.3390/ma14237478,"HfOx film deposition using TEMAH with H2O oxidant at 200°C; 50 cycles; 1 s precursor pulse, 0.2 s oxidant pulse, 60 s purge times. Growth rate 0.8 Å/cycle https://pmc.ncbi.nlm.nih.gov/articles/PMC8659129/https://pmc.ncbi.nlm.nih.gov/articles/PMC8659129/#:~:text=Thickness%20of%20HfO_,2%7DO",HfOx,,,,,200,TEMAH,H2O,50.0,1.0,60.0,0.2,60.0,,,,0.8,,,,,,,,,,,,,,,,,,,,,,,,,,,,,,,,,,,,,,,,,,,,,,,,,Growth rate (Å/cycle),0.8,missing_k_unrecovered,not_k_measurement_growth rate (å/cycle)
127,Kim,2021,Materials,10.3390/ma14237478,"HfOx film deposition using TEMAH with H2O oxidant at 300°C; 50 cycles; 1 s precursor pulse, 0.2 s oxidant pulse, 60 s purge times. Growth rate 0.8 Å/cycle https://pmc.ncbi.nlm.nih.gov/articles/PMC8659129/https://pmc.ncbi.nlm.nih.gov/articles/PMC8659129/#:~:text=Thickness%20of%20HfO_,2%7DO",HfOx,,,,,300,TEMAH,H2O,50.0,1.0,60.0,0.2,60.0,,,,0.8,,,,,,,,,,,,,,,,,,,,,,,,,,,,,,,,,,,,,,,,,,,,,,,,,Growth rate (Å/cycle),0.8,missing_k_unrecovered,not_k_measurement_growth rate (å/cycle)
128,Kim,2021,Materials,10.3390/ma14237478,"HfOx film deposition using TEMAH with H2O oxidant at 350°C; 50 cycles; 1 s precursor pulse, 0.2 s oxidant pulse, 60 s purge times. Growth rate 0.8 Å/cycle https://pmc.ncbi.nlm.nih.gov/articles/PMC8659129/https://pmc.ncbi.nlm.nih.gov/articles/PMC8659129/#:~:text=Thickness%20of%20HfO_,2%7DO",HfOx,,,,,350,TEMAH,H2O,50.0,1.0,60.0,0.2,60.0,,,,0.8,,,,,,,,,,,,,,,,,,,,,,,,,,,,,,,,,,,,,,,,,,,,,,,,,Growth rate (Å/cycle),0.8,missing_k_unrecovered,not_k_measurement_growth rate (å/cycle)
129,Hu,2020,Physica B,,"HfO2 ALD using TEMAHf and H2O; 600 cycles; precursor pulse 1.6 s, oxidant pulse 0.2 s, purge times 5 s; deposition temperature 170°C; RMS roughness measured by AFM 1.514 nmefs.charlotte.edu/yzhang47/files/2020/08/Structure-and-optical-properties-of-HfO2-films-on-Si-100-substrates-prepared-by-ALD-at-different-temperatures.pdf#:~:text=deionized%20water%20in%20an%20ultrasonic,deposition%20period%20was%20600%20cyclesefs.charlotte.edu/yzhang47/files/2020/08/Structure-and-optical-properties-of-HfO2-films-on-Si-100-substrates-prepared-by-ALD-at-different-temperatures.pdf",HfO2,,,,,170,TEMAHf,H2O,600.0,1.6,5.0,0.2,5.0,,,,,,,,,,,,,,,,,,,,,,,,,,,,,,,,,,,,,,,,,,,,,,,,,,,,,RMS roughness (nm),1.514,missing_k_unrecovered,not_k_measurement_rms roughness (nm)
130,Hu,2020,Physica B,,"HfO2 ALD using TEMAHf and H2O; 600 cycles; precursor pulse 1.6 s, oxidant pulse 0.2 s, purge times 5 s; deposition temperature 200°C; RMS roughness measured by AFM 2.257 nmefs.charlotte.edu/yzhang47/files/2020/08/Structure-and-optical-properties-of-HfO2-films-on-Si-100-substrates-prepared-by-ALD-at-different-temperatures.pdf#:~:text=deionized%20water%20in%20an%20ultrasonic,deposition%20period%20was%20600%20cyclesefs.charlotte.edu/yzhang47/files/2020/08/Structure-and-optical-properties-of-HfO2-films-on-Si-100-substrates-prepared-by-ALD-at-different-temperatures.pdf",HfO2,,,,,200,TEMAHf,H2O,600.0,1.6,5.0,0.2,5.0,,,,,,,,,,,,,,,,,,,,,,,,,,,,,,,,,,,,,,,,,,,,,,,,,,,,,RMS roughness (nm),2.257,missing_k_unrecovered,not_k_measurement_rms roughness (nm)
131,Hu,2020,Physica B,,"HfO2 ALD using TEMAHf and H2O; 600 cycles; precursor pulse 1.6 s, oxidant pulse 0.2 s, purge times 5 s; deposition temperature 230°C; RMS roughness measured by AFM 2.752 nmefs.charlotte.edu/yzhang47/files/2020/08/Structure-and-optical-properties-of-HfO2-films-on-Si-100-substrates-prepared-by-ALD-at-different-temperatures.pdf#:~:text=deionized%20water%20in%20an%20ultrasonic,deposition%20period%20was%20600%20cyclesefs.charlotte.edu/yzhang47/files/2020/08/Structure-and-optical-properties-of-HfO2-films-on-Si-100-substrates-prepared-by-ALD-at-different-temperatures.pdf",HfO2,,,,,230,TEMAHf,H2O,600.0,1.6,5.0,0.2,5.0,,,,,,,,,,,,,,,,,,,,,,,,,,,,,,,,,,,,,,,,,,,,,,,,,,,,,RMS roughness (nm),2.752,missing_k_unrecovered,not_k_measurement_rms roughness (nm)
132,Hu,2020,Physica B,,"HfO2 ALD using TEMAHf and H2O; 600 cycles; precursor pulse 1.6 s, oxidant pulse 0.2 s, purge times 5 s; deposition temperature 260°C; RMS roughness measured by AFM 3.106 nmefs.charlotte.edu/yzhang47/files/2020/08/Structure-and-optical-properties-of-HfO2-films-on-Si-100-substrates-prepared-by-ALD-at-different-temperatures.pdf#:~:text=deionized%20water%20in%20an%20ultrasonic,deposition%20period%20was%20600%20cyclesefs.charlotte.edu/yzhang47/files/2020/08/Structure-and-optical-properties-of-HfO2-films-on-Si-100-substrates-prepared-by-ALD-at-different-temperatures.pdf",HfO2,,,,,260,TEMAHf,H2O,600.0,1.6,5.0,0.2,5.0,,,,,,,,,,,,,,,,,,,,,,,,,,,,,,,,,,,,,,,,,,,,,,,,,,,,,RMS roughness (nm),3.106,missing_k_unrecovered,not_k_measurement_rms roughness (nm)
133,Hu,2020,Physica B,,"HfO2 ALD using TEMAHf and H2O; 600 cycles; precursor pulse 1.6 s, oxidant pulse 0.2 s, purge times 5 s; deposition temperature 290°C; RMS roughness measured by AFM 2.883 nmefs.charlotte.edu/yzhang47/files/2020/08/Structure-and-optical-properties-of-HfO2-films-on-Si-100-substrates-prepared-by-ALD-at-different-temperatures.pdf#:~:text=deionized%20water%20in%20an%20ultrasonic,deposition%20period%20was%20600%20cyclesefs.charlotte.edu/yzhang47/files/2020/08/Structure-and-optical-properties-of-HfO2-films-on-Si-100-substrates-prepared-by-ALD-at-different-temperatures.pdf",HfO2,,,,,290,TEMAHf,H2O,600.0,1.6,5.0,0.2,5.0,,,,,,,,,,,,,,,,,,,,,,,,,,,,,,,,,,,,,,,,,,,,,,,,,,,,,RMS roughness (nm),2.883,missing_k_unrecovered,not_k_measurement_rms roughness (nm)
134,Chen,2015,Nanoscale Research Letters,,"La1-xAlxO3 nanolaminate sample A from ALD with La and Al precursors; thickness 10.469 nm, EOT 3.89 nm, dielectric constant 17.06file:///home/oai/redirect.html#:~:text=In%20order%20to%20research%20the,19",La1-xAlxO3,Al,,,10.469,280,,H2O,,0.3,4.0,0.3,8.0,,,,,,,,,,,,,,,,,,,,,,,,3.89,,17.06,,,,,,,,,,,,,,,,,,,,,,,,,,,Dielectric constant,17.06,valid_k,
135,Chen,2015,Nanoscale Research Letters,,"La1-xAlxO3 nanolaminate sample B from ALD with La and Al precursors; thickness 10.757 nm, EOT 3.41 nm, dielectric constant 21.94file:///home/oai/redirect.html#:~:text=In%20order%20to%20research%20the,19",La1-xAlxO3,Al,,,10.757,280,,H2O,,0.3,4.0,0.3,8.0,,,,,,,,,,,,,,,,,,,,,,,,3.41,,21.94,,,,,,,,,,,,,,,,,,,,,,,,,,,Dielectric constant,21.94,valid_k,
136,Chen,2015,Nanoscale Research Letters,,"La1-xAlxO3 nanolaminate sample C from ALD with La and Al precursors; thickness 8.895 nm, EOT 2.9 nm, dielectric constant 24.78file:///home/oai/redirect.html#:~:text=In%20order%20to%20research%20the,19",La1-xAlxO3,Al,,,8.895,280,,H2O,,0.3,4.0,0.3,8.0,,,,,,,,,,,,,,,,,,,,,,,,2.9,,24.78,,,,,,,,,,,,,,,,,,,,,,,,,,,Dielectric constant,24.78,valid_k,
137,Chen,2015,Nanoscale Research Letters,,"La1-xAlxO3 nanolaminate sample D from ALD with La and Al precursors; thickness 8.85 nm, EOT 8.33 nm, dielectric constant 5.05file:///home/oai/redirect.html#:~:text=In%20order%20to%20research%20the,19",La1-xAlxO3,Al,,,8.85,280,,H2O,,0.3,4.0,0.3,8.0,,,,,,,,,,,,,,,,,,,,,,,,8.33,,5.05,,,,,,,,,,,,,,,,,,,,,,,,,,,Dielectric constant,5.05,valid_k,
138,Chen,2015,Nanoscale Research Letters,,"Optimized process parameters for La1-xAlxO3 ALD: La precursor 0.3 s pulse/4 s purge, oxidant 0.3 s pulse/8 s purge, deposition temp 280°Cfile:///home/oai/redirect.html#:~:text=Precursor%20Deposition%20Precursor%20Oxidant%20Precursor,1%203%204",La1-xAlxO3,Al,,,,280,,,,0.3,4.0,0.3,8.0,,,,,,,,,,,,,,,,,,,,,,,,,,,,,,,,,,,,,,,,,,,,,,,,,,,,,Growth rate (nm/cycle),0.065,missing_k_unrecovered,not_k_measurement_growth rate (nm/cycle)
139,Choi,2022,Nanomaterials,10.3390/nano13010161,"PE-ALD HfO2 film; TDMAHf dose time 0.1s, O2 plasma dose time 60s, purge 90s; growth per cycle saturated to ~2.4 Åhttps://pmc.ncbi.nlm.nih.gov/articles/PMC9823614/",HfO2,,,,,250,TDMAHf,O2 plasma,100.0,0.1,90.0,60.0,90.0,,,20.0,2.4,,,,,,,,,,,,,,,,,,,,,,,,,,,,,,,,,,,,,,,,,,,,,,,,,Growth rate (Å/cycle),2.4,missing_k_unrecovered,not_k_measurement_growth rate (å/cycle)
140,Choi,2022,Nanomaterials,10.3390/nano13010161,"PE-ALD HfO2 film; TDMAHf dose time 0.5s, O2 plasma dose time 60s, purge 90s; growth per cycle saturated to ~2.4 Åhttps://pmc.ncbi.nlm.nih.gov/articles/PMC9823614/",HfO2,,,,,250,TDMAHf,O2 plasma,100.0,0.5,90.0,60.0,90.0,,,20.0,2.4,,,,,,,,,,,,,,,,,,,,,,,,,,,,,,,,,,,,,,,,,,,,,,,,,Growth rate (Å/cycle),2.4,missing_k_unrecovered,not_k_measurement_growth rate (å/cycle)
141,Choi,2022,Nanomaterials,10.3390/nano13010161,"PE-ALD HfO2 film; TDMAHf dose time 2.0s, O2 plasma dose time 60s, purge 90s; growth per cycle saturated to ~2.4 Åhttps://pmc.ncbi.nlm.nih.gov/articles/PMC9823614/",HfO2,,,,,250,TDMAHf,O2 plasma,100.0,2.0,90.0,60.0,90.0,,,20.0,2.4,,,,,,,,,,,,,,,,,,,,,,,,,,,,,,,,,,,,,,,,,,,,,,,,,Growth rate (Å/cycle),2.4,missing_k_unrecovered,not_k_measurement_growth rate (å/cycle)
142,Choi,2022,Nanomaterials,10.3390/nano13010161,"PE-ALD HfO2 film; TDMAHf dose time 4.0s, O2 plasma dose time 60s, purge 90s; growth per cycle saturated to ~2.4 Åhttps://pmc.ncbi.nlm.nih.gov/articles/PMC9823614/",HfO2,,,,,250,TDMAHf,O2 plasma,100.0,4.0,90.0,60.0,90.0,,,20.0,2.4,,,,,,,,,,,,,,,,,,,,,,,,,,,,,,,,,,,,,,,,,,,,,,,,,Growth rate (Å/cycle),2.4,missing_k_unrecovered,not_k_measurement_growth rate (å/cycle)
143,Choi,2022,Nanomaterials,10.3390/nano13010161,PE-ALD HfO2 film; O2 plasma dose time 3s with TDMAHf dose time 2s; purge 90s; growth per cycle increases with plasma timehttps://pmc.ncbi.nlm.nih.gov/articles/PMC9823614/,HfO2,,,,,250,TDMAHf,O2 plasma,100.0,2.0,90.0,3.0,90.0,,,20.0,1.9,,,,,,,,,,,,,,,,,,,,,,,,,,,,,,,,,,,,,,,,,,,,,,,,,Growth rate (Å/cycle),1.9,missing_k_unrecovered,not_k_measurement_growth rate (å/cycle)
144,Choi,2022,Nanomaterials,10.3390/nano13010161,PE-ALD HfO2 film; O2 plasma dose time 5s with TDMAHf dose time 2s; purge 90s; growth per cycle increases with plasma timehttps://pmc.ncbi.nlm.nih.gov/articles/PMC9823614/,HfO2,,,,,250,TDMAHf,O2 plasma,100.0,2.0,90.0,5.0,90.0,,,20.0,2.0,,,,,,,,,,,,,,,,,,,,,,,,,,,,,,,,,,,,,,,,,,,,,,,,,Growth rate (Å/cycle),2.0,missing_k_unrecovered,not_k_measurement_growth rate (å/cycle)
145,Choi,2022,Nanomaterials,10.3390/nano13010161,PE-ALD HfO2 film; O2 plasma dose time 10s with TDMAHf dose time 2s; purge 90s; growth per cycle increases with plasma timehttps://pmc.ncbi.nlm.nih.gov/articles/PMC9823614/,HfO2,,,,,250,TDMAHf,O2 plasma,100.0,2.0,90.0,10.0,90.0,,,20.0,2.1,,,,,,,,,,,,,,,,,,,,,,,,,,,,,,,,,,,,,,,,,,,,,,,,,Growth rate (Å/cycle),2.1,missing_k_unrecovered,not_k_measurement_growth rate (å/cycle)
146,Choi,2022,Nanomaterials,10.3390/nano13010161,PE-ALD HfO2 film; O2 plasma dose time 30s with TDMAHf dose time 2s; purge 90s; growth per cycle increases with plasma timehttps://pmc.ncbi.nlm.nih.gov/articles/PMC9823614/,HfO2,,,,,250,TDMAHf,O2 plasma,100.0,2.0,90.0,30.0,90.0,,,20.0,2.3,,,,,,,,,,,,,,,,,,,,,,,,,,,,,,,,,,,,,,,,,,,,,,,,,Growth rate (Å/cycle),2.3,missing_k_unrecovered,not_k_measurement_growth rate (å/cycle)
147,Choi,2022,Nanomaterials,10.3390/nano13010161,PE-ALD HfO2 film; O2 plasma dose time 60s with TDMAHf dose time 2s; purge 90s; growth per cycle increases with plasma timehttps://pmc.ncbi.nlm.nih.gov/articles/PMC9823614/,HfO2,,,,,250,TDMAHf,O2 plasma,100.0,2.0,90.0,60.0,90.0,,,20.0,2.4,,,,,,,,,,,,,,,,,,,,,,,,,,,,,,,,,,,,,,,,,,,,,,,,,Growth rate (Å/cycle),2.4,missing_k_unrecovered,not_k_measurement_growth rate (å/cycle)
148,Choi,2022,Nanomaterials,10.3390/nano13010161,PE-ALD HfO2 film; O2 plasma dose time 120s with TDMAHf dose time 2s; purge 90s; growth per cycle increases with plasma timehttps://pmc.ncbi.nlm.nih.gov/articles/PMC9823614/,HfO2,,,,,250,TDMAHf,O2 plasma,100.0,2.0,90.0,120.0,90.0,,,20.0,2.4,,,,,,,,,,,,,,,,,,,,,,,,,,,,,,,,,,,,,,,,,,,,,,,,,Growth rate (Å/cycle),2.4,missing_k_unrecovered,not_k_measurement_growth rate (å/cycle)
149,Choi,2022,Nanomaterials,10.3390/nano13010161,"PE-ALD HfO2 film; TDMAHf dose 0.1s, O2 plasma dose 3s; annealed at 500°C for 30 s; growth per cycle 1.9 Åhttps://pmc.ncbi.nlm.nih.gov/articles/PMC9823614/",HfO2,,,,,250,TDMAHf,O2 plasma,100.0,0.1,90.0,3.0,90.0,,,20.0,1.9,500.0,30 s,N2,,,,,,,,,,,,,,,,,,,,,,,,,,,,,,,,,,,,,,,,,,,,,,Growth rate (Å/cycle),1.9,missing_k_unrecovered,not_k_measurement_growth rate (å/cycle)
150,Choi,2022,Nanomaterials,10.3390/nano13010161,"PE-ALD HfO2 film; TDMAHf dose 0.1s, O2 plasma dose 5s; annealed at 500°C for 30 s; growth per cycle 2.0 Åhttps://pmc.ncbi.nlm.nih.gov/articles/PMC9823614/",HfO2,,,,,250,TDMAHf,O2 plasma,100.0,0.1,90.0,5.0,90.0,,,20.0,2.0,500.0,30 s,N2,,,,,,,,,,,,,,,,,,,,,,,,,,,,,,,,,,,,,,,,,,,,,,Growth rate (Å/cycle),2.0,missing_k_unrecovered,not_k_measurement_growth rate (å/cycle)
151,Choi,2022,Nanomaterials,10.3390/nano13010161,"PE-ALD HfO2 film; TDMAHf dose 0.1s, O2 plasma dose 10s; annealed at 500°C for 30 s; growth per cycle 2.1 Åhttps://pmc.ncbi.nlm.nih.gov/articles/PMC9823614/",HfO2,,,,,250,TDMAHf,O2 plasma,100.0,0.1,90.0,10.0,90.0,,,20.0,2.1,500.0,30 s,N2,,,,,,,,,,,,,,,,,,,,,,,,,,,,,,,,,,,,,,,,,,,,,,Growth rate (Å/cycle),2.1,missing_k_unrecovered,not_k_measurement_growth rate (å/cycle)
152,Choi,2022,Nanomaterials,10.3390/nano13010161,"PE-ALD HfO2 film; TDMAHf dose 0.1s, O2 plasma dose 30s; annealed at 500°C for 30 s; growth per cycle 2.3 Åhttps://pmc.ncbi.nlm.nih.gov/articles/PMC9823614/",HfO2,,,,,250,TDMAHf,O2 plasma,100.0,0.1,90.0,30.0,90.0,,,20.0,2.3,500.0,30 s,N2,,,,,,,,,,,,,,,,,,,,,,,,,,,,,,,,,,,,,,,,,,,,,,Growth rate (Å/cycle),2.3,missing_k_unrecovered,not_k_measurement_growth rate (å/cycle)
153,Choi,2022,Nanomaterials,10.3390/nano13010161,"PE-ALD HfO2 film; TDMAHf dose 0.1s, O2 plasma dose 60s; annealed at 500°C for 30 s; growth per cycle 2.4 Åhttps://pmc.ncbi.nlm.nih.gov/articles/PMC9823614/",HfO2,,,,,250,TDMAHf,O2 plasma,100.0,0.1,90.0,60.0,90.0,,,20.0,2.4,500.0,30 s,N2,,,,,,,,,,,,,,,,,,,,,,,,,,,,,,,,,,,,,,,,,,,,,,Growth rate (Å/cycle),2.4,missing_k_unrecovered,not_k_measurement_growth rate (å/cycle)
154,Choi,2022,Nanomaterials,10.3390/nano13010161,"PE-ALD HfO2 film; TDMAHf dose 0.1s, O2 plasma dose 120s; annealed at 500°C for 30 s; growth per cycle 2.4 Åhttps://pmc.ncbi.nlm.nih.gov/articles/PMC9823614/",HfO2,,,,,250,TDMAHf,O2 plasma,100.0,0.1,90.0,120.0,90.0,,,20.0,2.4,500.0,30 s,N2,,,,,,,,,,,,,,,,,,,,,,,,,,,,,,,,,,,,,,,,,,,,,,Growth rate (Å/cycle),2.4,missing_k_unrecovered,not_k_measurement_growth rate (å/cycle)
155,Choi,2022,Nanomaterials,10.3390/nano13010161,"PE-ALD HfO2 film; TDMAHf dose 0.5s, O2 plasma dose 3s; annealed at 500°C for 30 s; growth per cycle 1.9 Åhttps://pmc.ncbi.nlm.nih.gov/articles/PMC9823614/",HfO2,,,,,250,TDMAHf,O2 plasma,100.0,0.5,90.0,3.0,90.0,,,20.0,1.9,500.0,30 s,N2,,,,,,,,,,,,,,,,,,,,,,,,,,,,,,,,,,,,,,,,,,,,,,Growth rate (Å/cycle),1.9,missing_k_unrecovered,not_k_measurement_growth rate (å/cycle)
156,Choi,2022,Nanomaterials,10.3390/nano13010161,"PE-ALD HfO2 film; TDMAHf dose 0.5s, O2 plasma dose 5s; annealed at 500°C for 30 s; growth per cycle 2.0 Åhttps://pmc.ncbi.nlm.nih.gov/articles/PMC9823614/",HfO2,,,,,250,TDMAHf,O2 plasma,100.0,0.5,90.0,5.0,90.0,,,20.0,2.0,500.0,30 s,N2,,,,,,,,,,,,,,,,,,,,,,,,,,,,,,,,,,,,,,,,,,,,,,Growth rate (Å/cycle),2.0,missing_k_unrecovered,not_k_measurement_growth rate (å/cycle)
157,Choi,2022,Nanomaterials,10.3390/nano13010161,"PE-ALD HfO2 film; TDMAHf dose 0.5s, O2 plasma dose 10s; annealed at 500°C for 30 s; growth per cycle 2.1 Åhttps://pmc.ncbi.nlm.nih.gov/articles/PMC9823614/",HfO2,,,,,250,TDMAHf,O2 plasma,100.0,0.5,90.0,10.0,90.0,,,20.0,2.1,500.0,30 s,N2,,,,,,,,,,,,,,,,,,,,,,,,,,,,,,,,,,,,,,,,,,,,,,Growth rate (Å/cycle),2.1,missing_k_unrecovered,not_k_measurement_growth rate (å/cycle)
158,Choi,2022,Nanomaterials,10.3390/nano13010161,"PE-ALD HfO2 film; TDMAHf dose 0.5s, O2 plasma dose 30s; annealed at 500°C for 30 s; growth per cycle 2.3 Åhttps://pmc.ncbi.nlm.nih.gov/articles/PMC9823614/",HfO2,,,,,250,TDMAHf,O2 plasma,100.0,0.5,90.0,30.0,90.0,,,20.0,2.3,500.0,30 s,N2,,,,,,,,,,,,,,,,,,,,,,,,,,,,,,,,,,,,,,,,,,,,,,Growth rate (Å/cycle),2.3,missing_k_unrecovered,not_k_measurement_growth rate (å/cycle)
159,Choi,2022,Nanomaterials,10.3390/nano13010161,"PE-ALD HfO2 film; TDMAHf dose 0.5s, O2 plasma dose 60s; annealed at 500°C for 30 s; growth per cycle 2.4 Åhttps://pmc.ncbi.nlm.nih.gov/articles/PMC9823614/",HfO2,,,,,250,TDMAHf,O2 plasma,100.0,0.5,90.0,60.0,90.0,,,20.0,2.4,500.0,30 s,N2,,,,,,,,,,,,,,,,,,,,,,,,,,,,,,,,,,,,,,,,,,,,,,Growth rate (Å/cycle),2.4,missing_k_unrecovered,not_k_measurement_growth rate (å/cycle)
160,Choi,2022,Nanomaterials,10.3390/nano13010161,"PE-ALD HfO2 film; TDMAHf dose 0.5s, O2 plasma dose 120s; annealed at 500°C for 30 s; growth per cycle 2.4 Åhttps://pmc.ncbi.nlm.nih.gov/articles/PMC9823614/",HfO2,,,,,250,TDMAHf,O2 plasma,100.0,0.5,90.0,120.0,90.0,,,20.0,2.4,500.0,30 s,N2,,,,,,,,,,,,,,,,,,,,,,,,,,,,,,,,,,,,,,,,,,,,,,Growth rate (Å/cycle),2.4,missing_k_unrecovered,not_k_measurement_growth rate (å/cycle)
161,Choi,2022,Nanomaterials,10.3390/nano13010161,"PE-ALD HfO2 film; TDMAHf dose 2.0s, O2 plasma dose 3s; annealed at 500°C for 30 s; growth per cycle 1.9 Åhttps://pmc.ncbi.nlm.nih.gov/articles/PMC9823614/",HfO2,,,,,250,TDMAHf,O2 plasma,100.0,2.0,90.0,3.0,90.0,,,20.0,1.9,500.0,30 s,N2,,,,,,,,,,,,,,,,,,,,,,,,,,,,,,,,,,,,,,,,,,,,,,Growth rate (Å/cycle),1.9,missing_k_unrecovered,not_k_measurement_growth rate (å/cycle)
162,Choi,2022,Nanomaterials,10.3390/nano13010161,"PE-ALD HfO2 film; TDMAHf dose 2.0s, O2 plasma dose 5s; annealed at 500°C for 30 s; growth per cycle 2.0 Åhttps://pmc.ncbi.nlm.nih.gov/articles/PMC9823614/",HfO2,,,,,250,TDMAHf,O2 plasma,100.0,2.0,90.0,5.0,90.0,,,20.0,2.0,500.0,30 s,N2,,,,,,,,,,,,,,,,,,,,,,,,,,,,,,,,,,,,,,,,,,,,,,Growth rate (Å/cycle),2.0,missing_k_unrecovered,not_k_measurement_growth rate (å/cycle)
163,Choi,2022,Nanomaterials,10.3390/nano13010161,"PE-ALD HfO2 film; TDMAHf dose 2.0s, O2 plasma dose 10s; annealed at 500°C for 30 s; growth per cycle 2.1 Åhttps://pmc.ncbi.nlm.nih.gov/articles/PMC9823614/",HfO2,,,,,250,TDMAHf,O2 plasma,100.0,2.0,90.0,10.0,90.0,,,20.0,2.1,500.0,30 s,N2,,,,,,,,,,,,,,,,,,,,,,,,,,,,,,,,,,,,,,,,,,,,,,Growth rate (Å/cycle),2.1,missing_k_unrecovered,not_k_measurement_growth rate (å/cycle)
164,Choi,2022,Nanomaterials,10.3390/nano13010161,"PE-ALD HfO2 film; TDMAHf dose 2.0s, O2 plasma dose 30s; annealed at 500°C for 30 s; growth per cycle 2.3 Åhttps://pmc.ncbi.nlm.nih.gov/articles/PMC9823614/",HfO2,,,,,250,TDMAHf,O2 plasma,100.0,2.0,90.0,30.0,90.0,,,20.0,2.3,500.0,30 s,N2,,,,,,,,,,,,,,,,,,,,,,,,,,,,,,,,,,,,,,,,,,,,,,Growth rate (Å/cycle),2.3,missing_k_unrecovered,not_k_measurement_growth rate (å/cycle)
165,Choi,2022,Nanomaterials,10.3390/nano13010161,"PE-ALD HfO2 film; TDMAHf dose 2.0s, O2 plasma dose 60s; annealed at 500°C for 30 s; growth per cycle 2.4 Åhttps://pmc.ncbi.nlm.nih.gov/articles/PMC9823614/",HfO2,,,,,250,TDMAHf,O2 plasma,100.0,2.0,90.0,60.0,90.0,,,20.0,2.4,500.0,30 s,N2,,,,,,,,,,,,,,,,,,,,,,,,,,,,,,,,,,,,,,,,,,,,,,Growth rate (Å/cycle),2.4,missing_k_unrecovered,not_k_measurement_growth rate (å/cycle)
166,Choi,2022,Nanomaterials,10.3390/nano13010161,"PE-ALD HfO2 film; TDMAHf dose 2.0s, O2 plasma dose 120s; annealed at 500°C for 30 s; growth per cycle 2.4 Åhttps://pmc.ncbi.nlm.nih.gov/articles/PMC9823614/",HfO2,,,,,250,TDMAHf,O2 plasma,100.0,2.0,90.0,120.0,90.0,,,20.0,2.4,500.0,30 s,N2,,,,,,,,,,,,,,,,,,,,,,,,,,,,,,,,,,,,,,,,,,,,,,Growth rate (Å/cycle),2.4,missing_k_unrecovered,not_k_measurement_growth rate (å/cycle)
167,Choi,2022,Nanomaterials,10.3390/nano13010161,"PE-ALD HfO2 film; TDMAHf dose 4.0s, O2 plasma dose 3s; annealed at 500°C for 30 s; growth per cycle 1.9 Åhttps://pmc.ncbi.nlm.nih.gov/articles/PMC9823614/",HfO2,,,,,250,TDMAHf,O2 plasma,100.0,4.0,90.0,3.0,90.0,,,20.0,1.9,500.0,30 s,N2,,,,,,,,,,,,,,,,,,,,,,,,,,,,,,,,,,,,,,,,,,,,,,Growth rate (Å/cycle),1.9,missing_k_unrecovered,not_k_measurement_growth rate (å/cycle)
168,Choi,2022,Nanomaterials,10.3390/nano13010161,"PE-ALD HfO2 film; TDMAHf dose 4.0s, O2 plasma dose 5s; annealed at 500°C for 30 s; growth per cycle 2.0 Åhttps://pmc.ncbi.nlm.nih.gov/articles/PMC9823614/",HfO2,,,,,250,TDMAHf,O2 plasma,100.0,4.0,90.0,5.0,90.0,,,20.0,2.0,500.0,30 s,N2,,,,,,,,,,,,,,,,,,,,,,,,,,,,,,,,,,,,,,,,,,,,,,Growth rate (Å/cycle),2.0,missing_k_unrecovered,not_k_measurement_growth rate (å/cycle)
169,Choi,2022,Nanomaterials,10.3390/nano13010161,"PE-ALD HfO2 film; TDMAHf dose 4.0s, O2 plasma dose 10s; annealed at 500°C for 30 s; growth per cycle 2.1 Åhttps://pmc.ncbi.nlm.nih.gov/articles/PMC9823614/",HfO2,,,,,250,TDMAHf,O2 plasma,100.0,4.0,90.0,10.0,90.0,,,20.0,2.1,500.0,30 s,N2,,,,,,,,,,,,,,,,,,,,,,,,,,,,,,,,,,,,,,,,,,,,,,Growth rate (Å/cycle),2.1,missing_k_unrecovered,not_k_measurement_growth rate (å/cycle)
170,Choi,2022,Nanomaterials,10.3390/nano13010161,"PE-ALD HfO2 film; TDMAHf dose 4.0s, O2 plasma dose 30s; annealed at 500°C for 30 s; growth per cycle 2.3 Åhttps://pmc.ncbi.nlm.nih.gov/articles/PMC9823614/",HfO2,,,,,250,TDMAHf,O2 plasma,100.0,4.0,90.0,30.0,90.0,,,20.0,2.3,500.0,30 s,N2,,,,,,,,,,,,,,,,,,,,,,,,,,,,,,,,,,,,,,,,,,,,,,Growth rate (Å/cycle),2.3,missing_k_unrecovered,not_k_measurement_growth rate (å/cycle)
171,Choi,2022,Nanomaterials,10.3390/nano13010161,"PE-ALD HfO2 film; TDMAHf dose 4.0s, O2 plasma dose 60s; annealed at 500°C for 30 s; growth per cycle 2.4 Åhttps://pmc.ncbi.nlm.nih.gov/articles/PMC9823614/",HfO2,,,,,250,TDMAHf,O2 plasma,100.0,4.0,90.0,60.0,90.0,,,20.0,2.4,500.0,30 s,N2,,,,,,,,,,,,,,,,,,,,,,,,,,,,,,,,,,,,,,,,,,,,,,Growth rate (Å/cycle),2.4,missing_k_unrecovered,not_k_measurement_growth rate (å/cycle)
172,Choi,2022,Nanomaterials,10.3390/nano13010161,"PE-ALD HfO2 film; TDMAHf dose 4.0s, O2 plasma dose 120s; annealed at 500°C for 30 s; growth per cycle 2.4 Åhttps://pmc.ncbi.nlm.nih.gov/articles/PMC9823614/",HfO2,,,,,250,TDMAHf,O2 plasma,100.0,4.0,90.0,120.0,90.0,,,20.0,2.4,500.0,30 s,N2,,,,,,,,,,,,,,,,,,,,,,,,,,,,,,,,,,,,,,,,,,,,,,Growth rate (Å/cycle),2.4,missing_k_unrecovered,not_k_measurement_growth rate (å/cycle)
173,Choi,2022,Nanomaterials,10.3390/nano13010161,"PE-ALD HfO2 film; TDMAHf dose 0.1s, O2 plasma dose 3s; annealed at 600°C for 30 s; growth per cycle 1.9 Åhttps://pmc.ncbi.nlm.nih.gov/articles/PMC9823614/",HfO2,,,,,250,TDMAHf,O2 plasma,100.0,0.1,90.0,3.0,90.0,,,20.0,1.9,600.0,30 s,N2,,,,,,,,,,,,,,,,,,,,,,,,,,,,,,,,,,,,,,,,,,,,,,Growth rate (Å/cycle),1.9,missing_k_unrecovered,not_k_measurement_growth rate (å/cycle)
174,Choi,2022,Nanomaterials,10.3390/nano13010161,"PE-ALD HfO2 film; TDMAHf dose 0.1s, O2 plasma dose 5s; annealed at 600°C for 30 s; growth per cycle 2.0 Åhttps://pmc.ncbi.nlm.nih.gov/articles/PMC9823614/",HfO2,,,,,250,TDMAHf,O2 plasma,100.0,0.1,90.0,5.0,90.0,,,20.0,2.0,600.0,30 s,N2,,,,,,,,,,,,,,,,,,,,,,,,,,,,,,,,,,,,,,,,,,,,,,Growth rate (Å/cycle),2.0,missing_k_unrecovered,not_k_measurement_growth rate (å/cycle)
175,Choi,2022,Nanomaterials,10.3390/nano13010161,"PE-ALD HfO2 film; TDMAHf dose 0.1s, O2 plasma dose 10s; annealed at 600°C for 30 s; growth per cycle 2.1 Åhttps://pmc.ncbi.nlm.nih.gov/articles/PMC9823614/",HfO2,,,,,250,TDMAHf,O2 plasma,100.0,0.1,90.0,10.0,90.0,,,20.0,2.1,600.0,30 s,N2,,,,,,,,,,,,,,,,,,,,,,,,,,,,,,,,,,,,,,,,,,,,,,Growth rate (Å/cycle),2.1,missing_k_unrecovered,not_k_measurement_growth rate (å/cycle)
176,Choi,2022,Nanomaterials,10.3390/nano13010161,"PE-ALD HfO2 film; TDMAHf dose 0.1s, O2 plasma dose 30s; annealed at 600°C for 30 s; growth per cycle 2.3 Åhttps://pmc.ncbi.nlm.nih.gov/articles/PMC9823614/",HfO2,,,,,250,TDMAHf,O2 plasma,100.0,0.1,90.0,30.0,90.0,,,20.0,2.3,600.0,30 s,N2,,,,,,,,,,,,,,,,,,,,,,,,,,,,,,,,,,,,,,,,,,,,,,Growth rate (Å/cycle),2.3,missing_k_unrecovered,not_k_measurement_growth rate (å/cycle)
177,Choi,2022,Nanomaterials,10.3390/nano13010161,"PE-ALD HfO2 film; TDMAHf dose 0.1s, O2 plasma dose 60s; annealed at 600°C for 30 s; growth per cycle 2.4 Åhttps://pmc.ncbi.nlm.nih.gov/articles/PMC9823614/",HfO2,,,,,250,TDMAHf,O2 plasma,100.0,0.1,90.0,60.0,90.0,,,20.0,2.4,600.0,30 s,N2,,,,,,,,,,,,,,,,,,,,,,,,,,,,,,,,,,,,,,,,,,,,,,Growth rate (Å/cycle),2.4,missing_k_unrecovered,not_k_measurement_growth rate (å/cycle)
178,Choi,2022,Nanomaterials,10.3390/nano13010161,"PE-ALD HfO2 film; TDMAHf dose 0.1s, O2 plasma dose 120s; annealed at 600°C for 30 s; growth per cycle 2.4 Åhttps://pmc.ncbi.nlm.nih.gov/articles/PMC9823614/",HfO2,,,,,250,TDMAHf,O2 plasma,100.0,0.1,90.0,120.0,90.0,,,20.0,2.4,600.0,30 s,N2,,,,,,,,,,,,,,,,,,,,,,,,,,,,,,,,,,,,,,,,,,,,,,Growth rate (Å/cycle),2.4,missing_k_unrecovered,not_k_measurement_growth rate (å/cycle)
179,Choi,2022,Nanomaterials,10.3390/nano13010161,"PE-ALD HfO2 film; TDMAHf dose 0.5s, O2 plasma dose 3s; annealed at 600°C for 30 s; growth per cycle 1.9 Åhttps://pmc.ncbi.nlm.nih.gov/articles/PMC9823614/",HfO2,,,,,250,TDMAHf,O2 plasma,100.0,0.5,90.0,3.0,90.0,,,20.0,1.9,600.0,30 s,N2,,,,,,,,,,,,,,,,,,,,,,,,,,,,,,,,,,,,,,,,,,,,,,Growth rate (Å/cycle),1.9,missing_k_unrecovered,not_k_measurement_growth rate (å/cycle)
180,Choi,2022,Nanomaterials,10.3390/nano13010161,"PE-ALD HfO2 film; TDMAHf dose 0.5s, O2 plasma dose 5s; annealed at 600°C for 30 s; growth per cycle 2.0 Åhttps://pmc.ncbi.nlm.nih.gov/articles/PMC9823614/",HfO2,,,,,250,TDMAHf,O2 plasma,100.0,0.5,90.0,5.0,90.0,,,20.0,2.0,600.0,30 s,N2,,,,,,,,,,,,,,,,,,,,,,,,,,,,,,,,,,,,,,,,,,,,,,Growth rate (Å/cycle),2.0,missing_k_unrecovered,not_k_measurement_growth rate (å/cycle)
181,Choi,2022,Nanomaterials,10.3390/nano13010161,"PE-ALD HfO2 film; TDMAHf dose 0.5s, O2 plasma dose 10s; annealed at 600°C for 30 s; growth per cycle 2.1 Åhttps://pmc.ncbi.nlm.nih.gov/articles/PMC9823614/",HfO2,,,,,250,TDMAHf,O2 plasma,100.0,0.5,90.0,10.0,90.0,,,20.0,2.1,600.0,30 s,N2,,,,,,,,,,,,,,,,,,,,,,,,,,,,,,,,,,,,,,,,,,,,,,Growth rate (Å/cycle),2.1,missing_k_unrecovered,not_k_measurement_growth rate (å/cycle)
182,Choi,2022,Nanomaterials,10.3390/nano13010161,"PE-ALD HfO2 film; TDMAHf dose 0.5s, O2 plasma dose 30s; annealed at 600°C for 30 s; growth per cycle 2.3 Åhttps://pmc.ncbi.nlm.nih.gov/articles/PMC9823614/",HfO2,,,,,250,TDMAHf,O2 plasma,100.0,0.5,90.0,30.0,90.0,,,20.0,2.3,600.0,30 s,N2,,,,,,,,,,,,,,,,,,,,,,,,,,,,,,,,,,,,,,,,,,,,,,Growth rate (Å/cycle),2.3,missing_k_unrecovered,not_k_measurement_growth rate (å/cycle)
183,Choi,2022,Nanomaterials,10.3390/nano13010161,"PE-ALD HfO2 film; TDMAHf dose 0.5s, O2 plasma dose 60s; annealed at 600°C for 30 s; growth per cycle 2.4 Åhttps://pmc.ncbi.nlm.nih.gov/articles/PMC9823614/",HfO2,,,,,250,TDMAHf,O2 plasma,100.0,0.5,90.0,60.0,90.0,,,20.0,2.4,600.0,30 s,N2,,,,,,,,,,,,,,,,,,,,,,,,,,,,,,,,,,,,,,,,,,,,,,Growth rate (Å/cycle),2.4,missing_k_unrecovered,not_k_measurement_growth rate (å/cycle)
184,Choi,2022,Nanomaterials,10.3390/nano13010161,"PE-ALD HfO2 film; TDMAHf dose 0.5s, O2 plasma dose 120s; annealed at 600°C for 30 s; growth per cycle 2.4 Åhttps://pmc.ncbi.nlm.nih.gov/articles/PMC9823614/",HfO2,,,,,250,TDMAHf,O2 plasma,100.0,0.5,90.0,120.0,90.0,,,20.0,2.4,600.0,30 s,N2,,,,,,,,,,,,,,,,,,,,,,,,,,,,,,,,,,,,,,,,,,,,,,Growth rate (Å/cycle),2.4,missing_k_unrecovered,not_k_measurement_growth rate (å/cycle)
185,Choi,2022,Nanomaterials,10.3390/nano13010161,"PE-ALD HfO2 film; TDMAHf dose 2.0s, O2 plasma dose 3s; annealed at 600°C for 30 s; growth per cycle 1.9 Åhttps://pmc.ncbi.nlm.nih.gov/articles/PMC9823614/",HfO2,,,,,250,TDMAHf,O2 plasma,100.0,2.0,90.0,3.0,90.0,,,20.0,1.9,600.0,30 s,N2,,,,,,,,,,,,,,,,,,,,,,,,,,,,,,,,,,,,,,,,,,,,,,Growth rate (Å/cycle),1.9,missing_k_unrecovered,not_k_measurement_growth rate (å/cycle)
186,Choi,2022,Nanomaterials,10.3390/nano13010161,"PE-ALD HfO2 film; TDMAHf dose 2.0s, O2 plasma dose 5s; annealed at 600°C for 30 s; growth per cycle 2.0 Åhttps://pmc.ncbi.nlm.nih.gov/articles/PMC9823614/",HfO2,,,,,250,TDMAHf,O2 plasma,100.0,2.0,90.0,5.0,90.0,,,20.0,2.0,600.0,30 s,N2,,,,,,,,,,,,,,,,,,,,,,,,,,,,,,,,,,,,,,,,,,,,,,Growth rate (Å/cycle),2.0,missing_k_unrecovered,not_k_measurement_growth rate (å/cycle)
187,Choi,2022,Nanomaterials,10.3390/nano13010161,"PE-ALD HfO2 film; TDMAHf dose 2.0s, O2 plasma dose 10s; annealed at 600°C for 30 s; growth per cycle 2.1 Åhttps://pmc.ncbi.nlm.nih.gov/articles/PMC9823614/",HfO2,,,,,250,TDMAHf,O2 plasma,100.0,2.0,90.0,10.0,90.0,,,20.0,2.1,600.0,30 s,N2,,,,,,,,,,,,,,,,,,,,,,,,,,,,,,,,,,,,,,,,,,,,,,Growth rate (Å/cycle),2.1,missing_k_unrecovered,not_k_measurement_growth rate (å/cycle)
188,Choi,2022,Nanomaterials,10.3390/nano13010161,"PE-ALD HfO2 film; TDMAHf dose 2.0s, O2 plasma dose 30s; annealed at 600°C for 30 s; growth per cycle 2.3 Åhttps://pmc.ncbi.nlm.nih.gov/articles/PMC9823614/",HfO2,,,,,250,TDMAHf,O2 plasma,100.0,2.0,90.0,30.0,90.0,,,20.0,2.3,600.0,30 s,N2,,,,,,,,,,,,,,,,,,,,,,,,,,,,,,,,,,,,,,,,,,,,,,Growth rate (Å/cycle),2.3,missing_k_unrecovered,not_k_measurement_growth rate (å/cycle)
189,Choi,2022,Nanomaterials,10.3390/nano13010161,"PE-ALD HfO2 film; TDMAHf dose 2.0s, O2 plasma dose 60s; annealed at 600°C for 30 s; growth per cycle 2.4 Åhttps://pmc.ncbi.nlm.nih.gov/articles/PMC9823614/",HfO2,,,,,250,TDMAHf,O2 plasma,100.0,2.0,90.0,60.0,90.0,,,20.0,2.4,600.0,30 s,N2,,,,,,,,,,,,,,,,,,,,,,,,,,,,,,,,,,,,,,,,,,,,,,Growth rate (Å/cycle),2.4,missing_k_unrecovered,not_k_measurement_growth rate (å/cycle)
190,Choi,2022,Nanomaterials,10.3390/nano13010161,"PE-ALD HfO2 film; TDMAHf dose 2.0s, O2 plasma dose 120s; annealed at 600°C for 30 s; growth per cycle 2.4 Åhttps://pmc.ncbi.nlm.nih.gov/articles/PMC9823614/",HfO2,,,,,250,TDMAHf,O2 plasma,100.0,2.0,90.0,120.0,90.0,,,20.0,2.4,600.0,30 s,N2,,,,,,,,,,,,,,,,,,,,,,,,,,,,,,,,,,,,,,,,,,,,,,Growth rate (Å/cycle),2.4,missing_k_unrecovered,not_k_measurement_growth rate (å/cycle)
191,Choi,2022,Nanomaterials,10.3390/nano13010161,"PE-ALD HfO2 film; TDMAHf dose 4.0s, O2 plasma dose 3s; annealed at 600°C for 30 s; growth per cycle 1.9 Åhttps://pmc.ncbi.nlm.nih.gov/articles/PMC9823614/",HfO2,,,,,250,TDMAHf,O2 plasma,100.0,4.0,90.0,3.0,90.0,,,20.0,1.9,600.0,30 s,N2,,,,,,,,,,,,,,,,,,,,,,,,,,,,,,,,,,,,,,,,,,,,,,Growth rate (Å/cycle),1.9,missing_k_unrecovered,not_k_measurement_growth rate (å/cycle)
192,Choi,2022,Nanomaterials,10.3390/nano13010161,"PE-ALD HfO2 film; TDMAHf dose 4.0s, O2 plasma dose 5s; annealed at 600°C for 30 s; growth per cycle 2.0 Åhttps://pmc.ncbi.nlm.nih.gov/articles/PMC9823614/",HfO2,,,,,250,TDMAHf,O2 plasma,100.0,4.0,90.0,5.0,90.0,,,20.0,2.0,600.0,30 s,N2,,,,,,,,,,,,,,,,,,,,,,,,,,,,,,,,,,,,,,,,,,,,,,Growth rate (Å/cycle),2.0,missing_k_unrecovered,not_k_measurement_growth rate (å/cycle)
193,Choi,2022,Nanomaterials,10.3390/nano13010161,"PE-ALD HfO2 film; TDMAHf dose 4.0s, O2 plasma dose 10s; annealed at 600°C for 30 s; growth per cycle 2.1 Åhttps://pmc.ncbi.nlm.nih.gov/articles/PMC9823614/",HfO2,,,,,250,TDMAHf,O2 plasma,100.0,4.0,90.0,10.0,90.0,,,20.0,2.1,600.0,30 s,N2,,,,,,,,,,,,,,,,,,,,,,,,,,,,,,,,,,,,,,,,,,,,,,Growth rate (Å/cycle),2.1,missing_k_unrecovered,not_k_measurement_growth rate (å/cycle)
194,Choi,2022,Nanomaterials,10.3390/nano13010161,"PE-ALD HfO2 film; TDMAHf dose 4.0s, O2 plasma dose 30s; annealed at 600°C for 30 s; growth per cycle 2.3 Åhttps://pmc.ncbi.nlm.nih.gov/articles/PMC9823614/",HfO2,,,,,250,TDMAHf,O2 plasma,100.0,4.0,90.0,30.0,90.0,,,20.0,2.3,600.0,30 s,N2,,,,,,,,,,,,,,,,,,,,,,,,,,,,,,,,,,,,,,,,,,,,,,Growth rate (Å/cycle),2.3,missing_k_unrecovered,not_k_measurement_growth rate (å/cycle)
195,Choi,2022,Nanomaterials,10.3390/nano13010161,"PE-ALD HfO2 film; TDMAHf dose 4.0s, O2 plasma dose 60s; annealed at 600°C for 30 s; growth per cycle 2.4 Åhttps://pmc.ncbi.nlm.nih.gov/articles/PMC9823614/",HfO2,,,,,250,TDMAHf,O2 plasma,100.0,4.0,90.0,60.0,90.0,,,20.0,2.4,600.0,30 s,N2,,,,,,,,,,,,,,,,,,,,,,,,,,,,,,,,,,,,,,,,,,,,,,Growth rate (Å/cycle),2.4,missing_k_unrecovered,not_k_measurement_growth rate (å/cycle)
196,Choi,2022,Nanomaterials,10.3390/nano13010161,"PE-ALD HfO2 film; TDMAHf dose 4.0s, O2 plasma dose 120s; annealed at 600°C for 30 s; growth per cycle 2.4 Åhttps://pmc.ncbi.nlm.nih.gov/articles/PMC9823614/",HfO2,,,,,250,TDMAHf,O2 plasma,100.0,4.0,90.0,120.0,90.0,,,20.0,2.4,600.0,30 s,N2,,,,,,,,,,,,,,,,,,,,,,,,,,,,,,,,,,,,,,,,,,,,,,Growth rate (Å/cycle),2.4,missing_k_unrecovered,not_k_measurement_growth rate (å/cycle)
197,Liu,2005,J Electrochem Soc,10.1149/1.1859631,"O3-based ALD HfO2 using TEMAH; cycle 0.5s Hf, 1s purge, 0.3s O3, 1s purge",HfO2,,,,15.0,200,TEMAH,O3,70.0,0.5,1.0,0.3,1.0,0.2,,,0.714,,,,,,,,,,,Si,,,,,,,,,,,16.0,,,,,,,,,,,,,,,,,,,,,,,1.05,,,,,,valid_k,
198,Liu,2005,J Electrochem Soc,10.1149/1.1859631,"O3-based ALD HfO2 using TEMAH; cycle 0.5s Hf, 1s purge, 0.3s O3, 1s purge",HfO2,,,,15.0,250,TEMAH,O3,70.0,0.5,1.0,0.3,1.0,0.2,,,0.714,,,,,,,,,,,Si,,,,,,,,,,,18.0,,,,,,,,,,,,,,,,,,,,,,,1.05,,,,,,valid_k,
199,Liu,2005,J Electrochem Soc,10.1149/1.1859631,"O3-based ALD HfO2 using TEMAH; cycle 0.5s Hf, 1s purge, 0.3s O3, 1s purge",HfO2,,,,15.0,320,TEMAH,O3,70.0,0.5,1.0,0.3,1.0,0.2,,,0.714,,,,,,,,,,,Si,,,,,,,,,,,20.0,,,,,,,,,,,,,,,,,,,,,,,1.05,,,,,,valid_k,
200,Conley,2003,J Appl Phys,10.1063/1.1528306,HfO2 deposited using anhydrous Hf(NO3)4; thickness ~10 nm,HfO2,,,,10.0,180,Hf(NO3)4,None (nitrate decomposition),80.0,,,,,,,,1.3,,,,,,,,,,,Si,,,,,,,,,,,13.0,,,,,,,,,,,,,,,,,,,,,,,1.0,,,,,,valid_k,
201,Lindblad,2024,CSMANTECH Conference,,HfO2 O3,HfO2,,,,20.0,250,TDMAHf,O3,,,,,,,,,0.77,,,,,,,,,,,unknown,,,,,,,,,,,17.6,,,,,,,,,,,,,,,,,,,,,,,,,,,,,valid_k,
202,Lindblad,2024,CSMANTECH Conference,,HfO2 CRISP,HfO2,,,,20.0,250,TDMAHf,CRISP,,,,,,,,,0.99,,,,,,,,,,,unknown,,,,,,,,,,,16.2,,,,,,,,,,,,,,,,,,,,,,,,,,,,,valid_k,
203,Lindblad,2024,CSMANTECH Conference,,HfO2 CRISP Al1%,HfO2,Al,1.0,,20.0,250,TDMAHf,CRISP,,,,,,,,,0.99,,,,,,,,,,,unknown,,,,,,,,,,,19.2,,,,,,,,,,,,,,,,,,,,,,,,,,,,,valid_k,
204,Lindblad,2024,CSMANTECH Conference,,HfO2 CRISP Al5%,HfO2,Al,5.0,,20.0,250,TDMAHf,CRISP,,,,,,,,,0.99,,,,,,,,,,,unknown,,,,,,,,,,,16.9,,,,,,,,,,,,,,,,,,,,,,,,,,,,,valid_k,
205,Lindblad,2024,CSMANTECH Conference,,HfO2 O3 Al5%,HfO2,Al,5.0,,20.0,250,TDMAHf,O3,,,,,,,,,0.77,,,,,,,,,,,unknown,,,,,,,,,,,17.0,,,,,,,,,,,,,,,,,,,,,,,,,,,,,valid_k,
206,Lindblad,2024,CSMANTECH Conference,,HfO2 CRISP Al10%,HfO2,Al,10.0,,20.0,250,TDMAHf,CRISP,,,,,,,,,0.99,,,,,,,,,,,unknown,,,,,,,,,,,18.9,,,,,,,,,,,,,,,,,,,,,,,,,,,,,valid_k,
207,King,2013,PhD thesis,,HfO2 undoped,HfO2,,,,10.0,300,(MeCp)2Hf(OMe)(Me),H2O,,,,,,,,,,,,,,,,,,,,Si,,,,,,,,,,,17.0,,,,,,,,,,,,,,,,,,,,,,,,,,,,,valid_k,
208,King,2013,PhD thesis,,Ti0.5Hf0.5O2 as-deposited,HfO2,Ti,50.0,,10.0,250,(MeCp)2Hf(OMe)(Me),H2O,,,,,,,,,,,,,,,,,,,,Si,,,,,,,,,,,35.0,,,,,,,,,,,,,,,,,,,,,,,,,,,,,valid_k,
209,King,2013,PhD thesis,,Ti0.5Hf0.5O2 annealed,HfO2,Ti,50.0,,10.0,250,(MeCp)2Hf(OMe)(Me),H2O,,,,,,,,,,850.0,spike,,,,,,,,,Si,,,,,,,,,,,22.0,,,,,,,,,,,,,,,,,,,,,,,,,,,,,valid_k,
210,King,2013,PhD thesis,,Ce0.11Hf0.89O2 500C anneal,HfO2,Ce,11.0,,10.0,300,(MeCp)2Hf(OMe)(Me),H2O,,,,,,,,,,500.0,30,,,,,,,,,Si,,,,,,,,,,,31.0,,,,,,,,,,,,,,,,,,,,,,,,,,,,,valid_k,
211,King,2013,PhD thesis,,Ce0.11Hf0.89O2 850C anneal,HfO2,Ce,11.0,,10.0,300,(MeCp)2Hf(OMe)(Me),H2O,,,,,,,,,,850.0,spike,,,,,,,,,Si,,,,,,,,,,,21.0,,,,,,,,,,,,,,,,,,,,,,,,,,,,,valid_k,
212,King,2013,PhD thesis,,Ce-doped HfO2 at 150C,HfO2,Ce,11.0,,10.0,150,(MeCp)2Hf(OMe)(Me),H2O,,,,,,,,,,,,,,,,,,,,Si,,,,,,,,,,,42.0,,,,,,,,,,,,,,,,,,,,,,,,,,,,,valid_k,
213,Huddersfield,2015,Huddersfield portal,,Ti0.1Hf0.9O2 as-deposited,HfO2,Ti,10.0,,10.0,250,TDMAHf,H2O,,,,,,,,,,,,,,,,,,,,Si,,,,,,,,,,,20.0,,,,,,,,,,,,,,,,,,,,,,,,,,,,,valid_k,
214,Huddersfield,2015,Huddersfield portal,,Ti0.5Hf0.5O2 as-deposited,HfO2,Ti,50.0,,10.0,250,TDMAHf,H2O,,,,,,,,,,,,,,,,,,,,Si,,,,,,,,,,,35.0,,,,,,,,,,,,,,,,,,,,,,,,,,,,,valid_k,
215,Huddersfield,2015,Huddersfield portal,,Ti0.5Hf0.5O2 500C anneal,HfO2,Ti,50.0,,10.0,250,TDMAHf,H2O,,,,,,,,,,500.0,30,,,,,,,,,Si,,,,,,,,,,,27.0,,,,,,,,,,,,,,,,,,,,,,,,,,,,,valid_k,
216,Unknown,2010,Conference abstract,,Gd_xHf1-xO_y with x=11%,HfO2,Gd,11.0,,10.0,200,HfCl4,H2O,,,,,,,,,0.55,,,,,,,,,,,Si,,,,,,,,,,,36.0,,,,,,,,,,,,,,,,,,,,,,,,,,,,,valid_k,
217,Wang,2022,Materials Sci Appl,,Composite Al2O3/HfO2 ratio Al/Hf=1:1,AlHfO,Al,50.0,,70.0,370,TDMAHf,H2O,,1.6,5.0,0.1,4.0,,,,,,,,,,,,,,,TiN/SiO2/Si,,,,,,,,,,,8.0,,,,,,,,,,,,,,,,,,,,,,,,,,,,,valid_k,
218,Wang,2022,Materials Sci Appl,,Composite Al2O3/HfO2 ratio Al/Hf=1:2,AlHfO,Al,33.3,,70.0,370,TDMAHf,H2O,,1.6,5.0,0.1,4.0,,,,,,,,,,,,,,,TiN/SiO2/Si,,,,,,,,,,,25.0,,,,,,,,,,,,,,,,,,,,,,,,,,,,,valid_k,
219,Wang,2022,Materials Sci Appl,,Composite Al2O3/HfO2 ratio Al/Hf=1:3,AlHfO,Al,25.0,,70.0,370,TDMAHf,H2O,,1.6,5.0,0.1,4.0,,,,,,,,,,,,,,,TiN/SiO2/Si,,,,,,,,,,,30.0,,,,,,,,,,,,,,,,,,,,,,,,,,,,,valid_k,
220,Wang,2022,Materials Sci Appl,,Composite Al2O3/HfO2 ratio Al/Hf=1:4,AlHfO,Al,20.0,,70.0,370,TDMAHf,H2O,,1.6,5.0,0.1,4.0,,,,,,,,,,,,,,,TiN/SiO2/Si,,,,,,,,,,,35.0,,,,,,,,,,,,,,,,,,,,,,,,,,,,,valid_k,
221,Gonta,2017,RIT conference,,Al-doped HfO2 film,HfO2,Al,,,10.0,250,TDMAHf,H2O,,,,,,,,,,,,,,,,,,,,Si,,,,,,,,,,,23.9,,,,,,,,,,,,,,,,,,,,,,,,,,,,,valid_k,
222,Jia,2025,Scientific Reports,10.1038/s41598-025-85686-9,PEALD pure-HfO2 ref (x=0); 20nm on n-Si; Al gate; highest k & leakage of series; series SiO2 IL present (low extracted k vs intrinsic monoclinic),HfO2,,0,,20,200,TEMAH,O2_plasma,,,,,,,,,,,,,,,,,,,,Si,(100),,,Al,200,n-type,3.5e17,20,,,13.16,,,,,,,,,,,,,,,,,,,,,,,,,,,,,derived_k_fit,k from reported composition fit k=13.16-6.46x at x=0; Schottky barrier 0.84 eV; m*=0.5 m0; Eg=5.69 eV
223,Jia,2025,Scientific Reports,10.1038/s41598-025-85686-9,PEALD (Al2O3)0.25(HfO2)0.75; authors deem 20-30% Al2O3 optimal for stable leakage,AlHfO,Al,20.95,,20,200,TEMAH+TMA,O2_plasma,,,,,,,,,,,,,,,,,,,,Si,(100),,,Al,200,n-type,3.5e17,20,,,11.55,,,,,,,,,,,,,,,,,,,,,,,,,,,,,derived_k_fit,k from fit k=13.16-6.46x at x=0.25; Al 20.95 at% (XPS); Schottky barrier 0.81 eV
224,Jia,2025,Scientific Reports,10.1038/s41598-025-85686-9,PEALD (Al2O3)0.5(HfO2)0.5; variable-T I-V (25-100C); FN->PF transition at high T,AlHfO,Al,45.57,,20,200,TEMAH+TMA,O2_plasma,,,,,,,,,,,,,,,,,,,,Si,(100),,,Al,200,n-type,3.5e17,20,,,9.93,,,,,,,,,,,,,,,,,,,,,,,,,,,,,derived_k_fit,k from fit at x=0.5; Al 45.57 at%; Schottky barrier 0.80 eV; m*=0.18 m0
225,Jia,2025,Scientific Reports,10.1038/s41598-025-85686-9,PEALD (Al2O3)0.75(HfO2)0.25,AlHfO,Al,69.31,,20,200,TEMAH+TMA,O2_plasma,,,,,,,,,,,,,,,,,,,,Si,(100),,,Al,200,n-type,3.5e17,20,,,8.31,,,,,,,,,,,,,,,,,,,,,,,,,,,,,derived_k_fit,k from fit at x=0.75; Al 69.31 at%; Schottky barrier 0.82 eV
226,Jia,2025,Scientific Reports,10.1038/s41598-025-85686-9,"PEALD pure-Al2O3 endpoint; lowest leakage, largest bandgap of series",Al2O3,,100,,20,200,TMA,O2_plasma,,,,,,,,,,,,,,,,,,,,Si,(100),,,Al,200,n-type,3.5e17,20,,,6.7,,,,,,,,,,,,,,,,,,,,,,,,,,,,,derived_k_fit,k from fit at x=1 (endpoint); Schottky barrier 0.83 eV; m*=0.23 m0
227,Zhu,2019,Nanoscale Research Letters,10.1186/s11671-019-2874-5,"ALD Al2O3(2)/ZrO2(20)/Al2O3(2) MIM, TaN/TaN; as-deposited; J@2V=1.23e-8, J@4V=1.06e-7, J@-4V=3.41e-8 A/cm2; Vbd~9.8V(50%); phi_t=0.73/0.82 eV",ZrO2,,,amorphous,20,250,TDMAZ,H2O,,,,,,,,,,,5min,,,,,,,,,TaN,,none,,TaN,,,,24,,,28.3,7.34,,,,,,,,,,,,,,,,,,,,,,,,,,,,valid_k,ZrO2-layer k decoupled from A/Z/A stack (Al2O3 k~8); as-deposited
228,Zhu,2019,Nanoscale Research Letters,10.1186/s11671-019-2874-5,"MWA 700W; J@4V=6.68e-7, J@-4V=3.30e-7 A/cm2; phi_t=0.51/0.53 eV; ~40% permittivity gain",ZrO2,,,,20,250,TDMAZ,H2O,,,,,,,,,,260,5min,,,,,,,,,TaN,,none,,TaN,,,,24,,,40.1,8.87,,,,,,,,,,,,,,,,,,,,,,,,,,,,valid_k,"ZrO2-layer k; microwave anneal (MWA) 700W ~260C, 5.8GHz, 5min"
229,Zhu,2019,Nanoscale Research Letters,10.1186/s11671-019-2874-5,"MWA 1050W; J@4V=7.63e-6, J@-4V=1.20e-6 A/cm2; phi_t=0.38/0.47 eV; field-assisted tunneling",ZrO2,,,,20,250,TDMAZ,H2O,,,,,,,,,,350,5min,,,,,,,,,TaN,,none,,TaN,,,,24,,,41.0,8.96,,,,,,,,,,,,,,,,,,,,,,,,,,,,valid_k,"ZrO2-layer k; MWA 1050W ~350C, 5.8GHz, 5min"
230,Zhu,2019,Nanoscale Research Letters,10.1186/s11671-019-2874-5,"MWA 1400W; J@2V=1.36e-8, J@4V=1.92e-5, J@-4V=3.48e-6 A/cm2; Vbd~9V; conduction=field-assisted tunneling",ZrO2,,,tetragonal,20,250,TDMAZ,H2O,,,,,,,,,,400,5min,,,,,,,,,TaN,,none,,TaN,,,,24,,,41.9,9.06,,,,,,,,,,,,,,,,,,,,,,,,,,,,valid_k,"ZrO2-layer k; MWA 1400W ~400C, 5.8GHz, 5min; tetragonal (111)~30.7deg"
231,Li,2019,Nanoscale Research Letters,10.1186/s11671-019-2907-0,ALD Ta2O5 (PDMATa/O3) on n-Si; 700C/2h/N2; J@2MV/cm=0.329 A/cm2 (not at 1V),Ta2O5,,,orthorhombic+hexagonal,,230,PDMATa,O3,,,,,,,,,0.52,700,2h,N2,,,,,,,,Si,,,,Al,,n-type,,,,,24.6,,,,,,,,,,,,,,,,,,,,,,,,,,,,,valid_k,pure Ta2O5 endpoint; k stated in text
232,Li,2019,Nanoscale Research Letters,10.1186/s11671-019-2907-0,"ALD Al2O3 (TMA/O3); amorphous; lowest leakage J=2.62e-8 A/cm2; nanolaminate intermediates (38:12..17:33) are figure-derived (Fig.3d), not tabulated",Al2O3,,,amorphous,,230,TMA,O3,,,,,,,,,1.01,700,2h,N2,,,,,,,,Si,,,,Al,,n-type,,,,,6.28,,,,,,,,,,,,,,,,,,,,,,,,,,,,,valid_k,pure Al2O3 endpoint; k stated in text
233,Kim,2025,Nanomaterials,10.3390/nano15110783,DP-ALD HfO2 (TiN/HfO2/TiN); GPC 0.97(horiz)/1.12(vert) A/cyc; J@0.8V(15nm)~1e-4 A/cm2; non-lattice Hf 17.0% O 9.82%; step coverage 92.6/87.3%; higher k via O-vacancy polarization,HfO2,,,,,,TEMA-Hf,O2_plasma,,,,,,,,200,0.97,450,1min,N2,,,,,0.79,,,Si,,SiO2,,TiN,,,,,,,22.2,,,,,,,,,,,,,,,,,,,,,,,,,,,,,derived_k_fit,k from EOT vs t_phys slope (EOT=0.175*t+0.79); direct-plasma ALD; thickness series 5-20nm
234,Kim,2025,Nanomaterials,10.3390/nano15110783,RP-ALD HfO2 (TiN/HfO2/TiN); GPC 0.72(horiz)/0.55(vert) A/cyc; J@0.8V(15nm)~1e-7 A/cm2 (3 orders below DP); non-lattice Hf 13.6% O 5.08%; step coverage ~100%,HfO2,,,,,,TEMA-Hf,O2_plasma,,,,,,,,2600,0.72,450,1min,N2,,,,,0.8,,,Si,,SiO2,,TiN,,,,,,,19.2,,,,,,,,,,,,,,,,,,,,,,,,,,,,,derived_k_fit,k from EOT vs t_phys slope (EOT=0.20*t+0.80); remote-plasma ALD; thickness series 5-20nm
235,Lee,2026,Advanced Electronic Materials,10.1002/aelm.202500679,"ALD Al-doped HfO2 MIM (Ti/TiN // TiN/Pt); uniform doping; TiN-driven tetragonal stabilization; TDMAH 43C/3s, TMA 1s, H2O 1s, Ar purge 30s; GPC 0.12 nm/cyc",HfAlO,Al,,tetragonal+monoclinic,11,200,TDMAH+TMA,H2O,,3,,1,,,,,1.2,600,,,,,,TiN,,,,Si,,,,Pt,30,p+,,11,0.96,,44.7,,,,,,,,,,,,,,,,,,,,,,,,,,,,,valid_k,"uniform Al super-cycle doping, 600C anneal; headline tabulated value"
236,Lee,2026,Advanced Electronic Materials,10.1002/aelm.202500679,"ALD Al-gradient-doped HfO2 MIM; gradient super-cycle; leakage ~1 order below uniform; larger grains, lower O-vacancy; 400/500C variants exist but k/EOT cells not retrievable (Wiley block)",HfAlO,Al,,tetragonal,11,200,TDMAH+TMA,H2O,,3,,1,,,,,1.2,600,,,,,,TiN,,,,Si,,,,Pt,30,p+,,11,0.71,,60.7,,,,,,,,,,,,,,,,,,,,,,,,,,,,,valid_k,"Al GRADIENT doping, 600C; highest reported HfO2 k to date; +35.8% k & -0.25nm EOT vs uniform"
237,Zhang,2025,Nano-Micro Letters,10.1007/s40820-025-01841-x,"ALD HZO 1:1 laminate (HfCl4/ZrCl4/H2O, ~1nm sublayers); near-edge plasma; downscaled 3.85um dia; stored charge 183 uC/cm2 @1.2V/50ns, >1e12 cycles; companion Nat Commun 16:2679 (10.1038/s41467-025-57963-8)",Hf0.5Zr0.5O2,Zr,50,tetragonal+orthorhombic,10,200,HfCl4+ZrCl4,H2O,,,,,,,,,,550,30s,N2,,,,,,,,TiN,,,,TiN/W,,,,10,,,1466,,,,,,,,,,,,,,,,,,,,,,,,,,,"dielectric permittivity (giant, special state)",1466,outlier_quarantine_do_not_train,"QUARANTINE: 1466 is a metastable size-/defect-engineered giant-permittivity state (3.85um cap, near-edge plasma, O-vacancy ordering), NOT intrinsic HZO k; exclude from regression targets"
238,Du,2023,Applied Surface Science,10.1016/j.apsusc.2023.158078,"TiN/Al2O3(0.3nm)/Hf0.3Zr0.7O2(6nm)/TiN DRAM cap; Jleak<7.7e-8 A/cm2 at +-0.5V (not at 1V); GIXRD o(111)30.4+t(011)30.8; authors Du,Luo,Shen,Bai,Gan,Yin,Li",Hf0.3Zr0.7O2,,,tetragonal+orthorhombic,6,,,H2O,,,,,,,,,,550,,N2,,,,,,,,TiN,,Al2O3,0.3,TiN,,,,6.3,0.54,,45.0,,,,,,,,,,,,,,,,,,,,,,,,,,,,,valid_k,MPB Hf0.3Zr0.7O2 by tuning ALD H2O dose; Al2O3(0.3nm) IL; RTA 550C; Hf:Zr=3:7
239,Luo,2023,Applied Physics Letters,10.1063/5.0145824,TiN/Al2O3(0.2)/Hf0.5Zr0.5O2(5.6)/Al2O3(0.2)/TiN DRAM cap; EOT~5.1A; Jleak<1e-7 A/cm2 at +-0.5V (not at 1V),Hf0.5Zr0.5O2,,,tetragonal+orthorhombic,5.6,,,,,,,,,,,,,,,,,,,,,,,TiN,,Al2O3,0.2,TiN,,,,6.0,0.51,,46.7,,,,,,,,,,,,,,,,,,,,,,,,,,,,,valid_k,MPB Hf0.5Zr0.5O2 with Al2O3(0.2nm) top+bottom IL; woken-up t/o ratio tuned
240,Park,2018,ACS Applied Materials & Interfaces,10.1021/acsami.8b15576,ALD HfO2-ZrO2 solid solution MPB DRAM study; Hf0.5Zr0.5O2 peak k=47 at 6.5nm,Hf0.5Zr0.5O2,,,tetragonal+orthorhombic,6.5,,,,,,,,,,,,,,,,,,,,,,,TiN,,,,TiN,,,,,,,47.0,,,,,,,,,,,,,,,,,,,,,,,,,,,,,valid_k,"peak k at MPB, Hf:Zr=5:5, 6.5nm; k increases as thickness decreases (5-20nm)"
241,Park,2018,ACS Applied Materials & Interfaces,10.1021/acsami.8b15576,ALD HfO2-ZrO2 solid solution MPB; Hf0.3Zr0.7O2 peak k=43 at 9.2nm; same paper as row for Hf0.5Zr0.5O2,Hf0.3Zr0.7O2,,,tetragonal+orthorhombic,9.2,,,,,,,,,,,,,,,,,,,,,,,TiN,,,,TiN,,,,,,,43.0,,,,,,,,,,,,,,,,,,,,,,,,,,,,,valid_k,"peak k at MPB, Hf:Zr=3:7, 9.2nm"
242,Das,2021,IEEE Transactions on Electron Devices,10.1109/TED.2021.3131403,"Sub-5A-EOT DRAM cap; Jleak<3e-8 A/cm2 at 0.5V (not at 1V); HPA 200atm; k~49, EOT~0.48nm",Hf0.33Zr0.67O2,,,tetragonal+orthorhombic,6,,,,,,,,,,,,,,,,,,,,,,,TiN,,,,TiN,,,,6,0.48,,49.0,,,,,,,,,,,,,,,,,,,,,,,,,,,,,valid_k,MPB Hf1/3Zr2/3O2 via high-pressure anneal 200atm + rapid cooling (RC)
243,Zhou,2021,IEEE IEDM Technical Digest,10.1109/IEDM19574.2021.9720632,"Al-doped HfO2 near MPB; k~68 EOT~0.54nm (9.4nm film); Jleak<1e-5 A/cm2 (high, due to 750C anneal); highest doped-HfO2 k reported",HfAlO,Al,,tetragonal+orthorhombic,9.4,,,,,,,,,,,,,750,,,,,,,,,,TiN,,,,TiN,,,,9.4,0.54,,68.0,,,,,,,,,,,,,,,,,,,,,,,,,,,,,valid_k,record HfO2-based k via Al-doping + deposition-temperature engineering near MPB; 750C anneal
244,Kim,2022,Ceramics International,10.1016/j.ceramint.2021.10.097,"DRAM cap dielectric; k=37.9; Jleak=3.52e-9 A/cm2 (bias as reported, not at 1V); monoclinic suppressed by Y; TiN electrode",HfYO,Y,,tetragonal,,,HfCp(NMe2)3+Y-amide(cocktail),O3,,,,,,,,,,,,,,,,,,,,TiN,,,,TiN,,,,,,,37.9,,,,,,,,,,,,,,,,,,,,,,,,,,,,,valid_k,Y-doped HfO2 via ALD cocktail precursor; tetragonal stabilized WITHOUT post-anneal
